recon_key,ar_count,bank_count,key_match,amount_match,currency_match,customer_match,date_match,duplicate_ar,duplicate_bank,final_status,exception_reason,action
2960570925,1,1,TRUE,TRUE,TRUE,TRUE,FALSE,FALSE,FALSE,EXCEPTION,Date discrepancy,For Investigation
1929995614,1,1,TRUE,TRUE,TRUE,TRUE,TRUE,FALSE,FALSE,MATCHED,,
1930411415,1,1,TRUE,TRUE,TRUE,TRUE,FALSE,FALSE,FALSE,EXCEPTION,Date discrepancy,For Investigation
1929769711,1,1,TRUE,TRUE,TRUE,FALSE,FALSE,FALSE,FALSE,EXCEPTION,Customer discrepancy; Date discrepancy,For Investigation
2960576462,1,1,TRUE,TRUE,TRUE,TRUE,FALSE,FALSE,FALSE,EXCEPTION,Date discrepancy,For Investigation
1991828985,1,1,TRUE,TRUE,TRUE,TRUE,FALSE,FALSE,FALSE,EXCEPTION,Date discrepancy,For Investigation
1928930475,1,1,TRUE,TRUE,TRUE,TRUE,FALSE,FALSE,FALSE,EXCEPTION,Date discrepancy,For Investigation
1929902956,2,1,TRUE,,,,,TRUE,FALSE,EXCEPTION,Duplicate AR Entry,For Investigation
1929867162,1,1,TRUE,TRUE,TRUE,TRUE,TRUE,FALSE,FALSE,MATCHED,,
1929533386,1,1,TRUE,TRUE,TRUE,TRUE,TRUE,FALSE,FALSE,MATCHED,,
1930009555,1,1,TRUE,TRUE,TRUE,TRUE,TRUE,FALSE,FALSE,MATCHED,,
1930467548,2,1,TRUE,,,,,TRUE,FALSE,EXCEPTION,Duplicate AR Entry,For Investigation
1929137744,1,1,TRUE,TRUE,TRUE,TRUE,TRUE,FALSE,FALSE,MATCHED,,
1929559748,1,1,TRUE,TRUE,TRUE,TRUE,FALSE,FALSE,FALSE,EXCEPTION,Date discrepancy,For Investigation
1929796428,1,1,TRUE,TRUE,TRUE,TRUE,TRUE,FALSE,FALSE,MATCHED,,
1930049177,1,1,TRUE,TRUE,TRUE,TRUE,FALSE,FALSE,FALSE,EXCEPTION,Date discrepancy,For Investigation
1930281379,1,1,TRUE,TRUE,TRUE,TRUE,FALSE,FALSE,FALSE,EXCEPTION,Date discrepancy,For Investigation
1929972526,1,1,TRUE,TRUE,TRUE,TRUE,FALSE,FALSE,FALSE,EXCEPTION,Date discrepancy,For Investigation
1928958124,1,1,TRUE,TRUE,FALSE,TRUE,FALSE,FALSE,FALSE,EXCEPTION,Currency discrepancy; Date discrepancy,For Investigation
1929352593,1,1,TRUE,TRUE,TRUE,TRUE,TRUE,FALSE,FALSE,MATCHED,,
1928730204,2,1,TRUE,,,,,TRUE,FALSE,EXCEPTION,Duplicate AR Entry,For Investigation
1930204416,1,1,TRUE,TRUE,TRUE,TRUE,TRUE,FALSE,FALSE,MATCHED,,
1930109209,1,1,TRUE,TRUE,TRUE,FALSE,FALSE,FALSE,FALSE,EXCEPTION,Customer discrepancy; Date discrepancy,For Investigation
1929613952,1,1,TRUE,TRUE,TRUE,TRUE,FALSE,FALSE,FALSE,EXCEPTION,Date discrepancy,For Investigation
1930422267,1,1,TRUE,TRUE,TRUE,TRUE,FALSE,FALSE,FALSE,EXCEPTION,Date discrepancy,For Investigation
1930268494,1,1,TRUE,TRUE,TRUE,TRUE,FALSE,FALSE,FALSE,EXCEPTION,Date discrepancy,For Investigation
2960575055,1,1,TRUE,FALSE,TRUE,TRUE,FALSE,FALSE,FALSE,EXCEPTION,Amount discrepancy; Date discrepancy,For Investigation
1929649968,2,1,TRUE,,,,,TRUE,FALSE,EXCEPTION,Duplicate AR Entry,For Investigation
1930130025,1,1,TRUE,TRUE,TRUE,TRUE,TRUE,FALSE,FALSE,MATCHED,,
2960593991,1,2,TRUE,,,,,FALSE,TRUE,EXCEPTION,Duplicate Bank Entry,For Investigation
2960521184,1,1,TRUE,TRUE,TRUE,TRUE,TRUE,FALSE,FALSE,MATCHED,,
1930302736,1,1,TRUE,FALSE,TRUE,TRUE,FALSE,FALSE,FALSE,EXCEPTION,Amount discrepancy; Date discrepancy,For Investigation
1929152786,1,1,TRUE,TRUE,TRUE,TRUE,TRUE,FALSE,FALSE,MATCHED,,
1930263481,1,1,TRUE,TRUE,TRUE,TRUE,FALSE,FALSE,FALSE,EXCEPTION,Date discrepancy,For Investigation
1929537259,1,1,TRUE,TRUE,TRUE,TRUE,TRUE,FALSE,FALSE,MATCHED,,
1929083293,1,1,TRUE,TRUE,TRUE,TRUE,TRUE,FALSE,FALSE,MATCHED,,
1929534325,1,0,FALSE,,,,,FALSE,FALSE,EXCEPTION,Transaction Present in AR Only,For Investigation
1929006463,1,1,TRUE,TRUE,TRUE,TRUE,TRUE,FALSE,FALSE,MATCHED,,
1930254145,1,1,TRUE,TRUE,TRUE,TRUE,TRUE,FALSE,FALSE,MATCHED,,
2960580613,1,2,TRUE,,,,,FALSE,TRUE,EXCEPTION,Duplicate Bank Entry,For Investigation
1930370569,1,1,TRUE,TRUE,TRUE,TRUE,FALSE,FALSE,FALSE,EXCEPTION,Date discrepancy,For Investigation
1930181393,1,1,TRUE,FALSE,TRUE,TRUE,TRUE,FALSE,FALSE,EXCEPTION,Amount discrepancy,For Investigation
1928859556,2,1,TRUE,,,,,TRUE,FALSE,EXCEPTION,Duplicate AR Entry,For Investigation
1930364803,1,1,TRUE,TRUE,TRUE,TRUE,FALSE,FALSE,FALSE,EXCEPTION,Date discrepancy,For Investigation
2960571394,1,1,TRUE,TRUE,FALSE,TRUE,FALSE,FALSE,FALSE,EXCEPTION,Currency discrepancy; Date discrepancy,For Investigation
1929626918,1,1,TRUE,TRUE,TRUE,TRUE,FALSE,FALSE,FALSE,EXCEPTION,Date discrepancy,For Investigation
1929321201,1,1,TRUE,TRUE,TRUE,TRUE,FALSE,FALSE,FALSE,EXCEPTION,Date discrepancy,For Investigation
1930432697,1,1,TRUE,TRUE,TRUE,TRUE,FALSE,FALSE,FALSE,EXCEPTION,Date discrepancy,For Investigation
1928883693,2,1,TRUE,,,,,TRUE,FALSE,EXCEPTION,Duplicate AR Entry,For Investigation
1929294223,1,1,TRUE,TRUE,TRUE,TRUE,TRUE,FALSE,FALSE,MATCHED,,
1929456055,1,1,TRUE,TRUE,TRUE,TRUE,FALSE,FALSE,FALSE,EXCEPTION,Date discrepancy,For Investigation
1929636989,1,1,TRUE,TRUE,TRUE,TRUE,TRUE,FALSE,FALSE,MATCHED,,
1930396244,1,1,TRUE,TRUE,TRUE,TRUE,FALSE,FALSE,FALSE,EXCEPTION,Date discrepancy,For Investigation
1928680886,1,2,TRUE,,,,,FALSE,TRUE,EXCEPTION,Duplicate Bank Entry,For Investigation
2960585493,1,1,TRUE,TRUE,TRUE,TRUE,FALSE,FALSE,FALSE,EXCEPTION,Date discrepancy,For Investigation
1930072381,1,0,FALSE,,,,,FALSE,FALSE,EXCEPTION,Transaction Present in AR Only,For Investigation
1928662393,1,1,TRUE,TRUE,TRUE,FALSE,TRUE,FALSE,FALSE,EXCEPTION,Customer discrepancy,For Investigation
1991825320,1,0,FALSE,,,,,FALSE,FALSE,EXCEPTION,Transaction Present in AR Only,For Investigation
1929497883,1,1,TRUE,TRUE,TRUE,TRUE,TRUE,FALSE,FALSE,MATCHED,,
1928719289,1,1,TRUE,TRUE,TRUE,TRUE,TRUE,FALSE,FALSE,MATCHED,,
1929396864,1,1,TRUE,TRUE,TRUE,TRUE,FALSE,FALSE,FALSE,EXCEPTION,Date discrepancy,For Investigation
1929780311,1,1,TRUE,TRUE,TRUE,TRUE,FALSE,FALSE,FALSE,EXCEPTION,Date discrepancy,For Investigation
1929352490,1,1,TRUE,TRUE,TRUE,TRUE,FALSE,FALSE,FALSE,EXCEPTION,Date discrepancy,For Investigation
2960539349,1,1,TRUE,TRUE,TRUE,TRUE,TRUE,FALSE,FALSE,MATCHED,,
1928696655,1,1,TRUE,TRUE,TRUE,TRUE,TRUE,FALSE,FALSE,MATCHED,,
2960547941,1,1,TRUE,TRUE,TRUE,TRUE,TRUE,FALSE,FALSE,MATCHED,,
1928845097,1,1,TRUE,TRUE,TRUE,TRUE,TRUE,FALSE,FALSE,MATCHED,,
1930523151,1,1,TRUE,TRUE,TRUE,TRUE,TRUE,FALSE,FALSE,MATCHED,,
1930047222,1,1,TRUE,TRUE,TRUE,TRUE,FALSE,FALSE,FALSE,EXCEPTION,Date discrepancy,For Investigation
1929737091,1,1,TRUE,TRUE,TRUE,TRUE,FALSE,FALSE,FALSE,EXCEPTION,Date discrepancy,For Investigation
1929898104,1,1,TRUE,TRUE,TRUE,TRUE,TRUE,FALSE,FALSE,MATCHED,,
1930148697,1,1,TRUE,TRUE,TRUE,TRUE,FALSE,FALSE,FALSE,EXCEPTION,Date discrepancy,For Investigation
1928808879,1,1,TRUE,TRUE,TRUE,TRUE,FALSE,FALSE,FALSE,EXCEPTION,Date discrepancy,For Investigation
1928985478,1,1,TRUE,FALSE,TRUE,TRUE,TRUE,FALSE,FALSE,EXCEPTION,Amount discrepancy,For Investigation
1930391516,1,0,FALSE,,,,,FALSE,FALSE,EXCEPTION,Transaction Present in AR Only,For Investigation
2960567629,1,1,TRUE,TRUE,TRUE,TRUE,FALSE,FALSE,FALSE,EXCEPTION,Date discrepancy,For Investigation
1930553295,1,1,TRUE,TRUE,TRUE,TRUE,TRUE,FALSE,FALSE,MATCHED,,
2960552416,1,0,FALSE,,,,,FALSE,FALSE,EXCEPTION,Transaction Present in AR Only,For Investigation
1930096769,1,1,TRUE,TRUE,TRUE,TRUE,FALSE,FALSE,FALSE,EXCEPTION,Date discrepancy,For Investigation
1930138383,1,1,TRUE,TRUE,TRUE,TRUE,FALSE,FALSE,FALSE,EXCEPTION,Date discrepancy,For Investigation
1929117277,1,1,TRUE,TRUE,TRUE,TRUE,TRUE,FALSE,FALSE,MATCHED,,
1929231727,1,1,TRUE,TRUE,TRUE,TRUE,TRUE,FALSE,FALSE,MATCHED,,
1929174555,1,1,TRUE,TRUE,TRUE,TRUE,FALSE,FALSE,FALSE,EXCEPTION,Date discrepancy,For Investigation
1928700942,1,1,TRUE,TRUE,TRUE,TRUE,FALSE,FALSE,FALSE,EXCEPTION,Date discrepancy,For Investigation
1929802574,1,0,FALSE,,,,,FALSE,FALSE,EXCEPTION,Transaction Present in AR Only,For Investigation
1928793476,1,1,TRUE,TRUE,TRUE,FALSE,FALSE,FALSE,FALSE,EXCEPTION,Customer discrepancy; Date discrepancy,For Investigation
1928908109,1,1,TRUE,TRUE,TRUE,TRUE,TRUE,FALSE,FALSE,MATCHED,,
1928959025,1,1,TRUE,FALSE,TRUE,TRUE,FALSE,FALSE,FALSE,EXCEPTION,Amount discrepancy; Date discrepancy,For Investigation
1929455108,1,1,TRUE,TRUE,TRUE,TRUE,FALSE,FALSE,FALSE,EXCEPTION,Date discrepancy,For Investigation
1929912819,1,1,TRUE,TRUE,TRUE,TRUE,TRUE,FALSE,FALSE,MATCHED,,
1928812671,1,1,TRUE,TRUE,TRUE,TRUE,TRUE,FALSE,FALSE,MATCHED,,
1929099557,1,1,TRUE,TRUE,FALSE,TRUE,TRUE,FALSE,FALSE,EXCEPTION,Currency discrepancy,For Investigation
1928583045,1,1,TRUE,TRUE,TRUE,TRUE,TRUE,FALSE,FALSE,MATCHED,,
1928929592,1,1,TRUE,TRUE,TRUE,TRUE,FALSE,FALSE,FALSE,EXCEPTION,Date discrepancy,For Investigation
1928992166,1,1,TRUE,TRUE,TRUE,TRUE,TRUE,FALSE,FALSE,MATCHED,,
1930180977,1,1,TRUE,TRUE,TRUE,TRUE,TRUE,FALSE,FALSE,MATCHED,,
1929083229,1,1,TRUE,TRUE,TRUE,TRUE,FALSE,FALSE,FALSE,EXCEPTION,Date discrepancy,For Investigation
1928745000,1,1,TRUE,TRUE,TRUE,TRUE,FALSE,FALSE,FALSE,EXCEPTION,Date discrepancy,For Investigation
1928778447,1,1,TRUE,TRUE,TRUE,TRUE,FALSE,FALSE,FALSE,EXCEPTION,Date discrepancy,For Investigation
1928874123,1,1,TRUE,TRUE,TRUE,TRUE,FALSE,FALSE,FALSE,EXCEPTION,Date discrepancy,For Investigation
1990569700,1,1,TRUE,TRUE,TRUE,TRUE,FALSE,FALSE,FALSE,EXCEPTION,Date discrepancy,For Investigation
2960597958,1,1,TRUE,TRUE,TRUE,TRUE,FALSE,FALSE,FALSE,EXCEPTION,Date discrepancy,For Investigation
1929982245,1,1,TRUE,TRUE,TRUE,FALSE,TRUE,FALSE,FALSE,EXCEPTION,Customer discrepancy,For Investigation
2960538287,2,1,TRUE,,,,,TRUE,FALSE,EXCEPTION,Duplicate AR Entry,For Investigation
2960591920,1,1,TRUE,TRUE,TRUE,TRUE,FALSE,FALSE,FALSE,EXCEPTION,Date discrepancy,For Investigation
1928758088,1,0,FALSE,,,,,FALSE,FALSE,EXCEPTION,Transaction Present in AR Only,For Investigation
1930191508,1,1,TRUE,TRUE,TRUE,FALSE,TRUE,FALSE,FALSE,EXCEPTION,Customer discrepancy,For Investigation
1929664505,1,1,TRUE,TRUE,FALSE,TRUE,TRUE,FALSE,FALSE,EXCEPTION,Currency discrepancy,For Investigation
1929335993,1,1,TRUE,TRUE,TRUE,TRUE,FALSE,FALSE,FALSE,EXCEPTION,Date discrepancy,For Investigation
1929168360,1,1,TRUE,TRUE,TRUE,TRUE,FALSE,FALSE,FALSE,EXCEPTION,Date discrepancy,For Investigation
1929714983,1,1,TRUE,TRUE,TRUE,FALSE,TRUE,FALSE,FALSE,EXCEPTION,Customer discrepancy,For Investigation
1930480777,1,1,TRUE,TRUE,TRUE,TRUE,TRUE,FALSE,FALSE,MATCHED,,
1929996855,1,1,TRUE,TRUE,TRUE,TRUE,TRUE,FALSE,FALSE,MATCHED,,
2960606177,1,1,TRUE,TRUE,TRUE,TRUE,FALSE,FALSE,FALSE,EXCEPTION,Date discrepancy,For Investigation
1930108090,1,1,TRUE,TRUE,TRUE,TRUE,FALSE,FALSE,FALSE,EXCEPTION,Date discrepancy,For Investigation
1929914215,1,1,TRUE,TRUE,TRUE,TRUE,FALSE,FALSE,FALSE,EXCEPTION,Date discrepancy,For Investigation
1929493231,1,1,TRUE,TRUE,TRUE,TRUE,FALSE,FALSE,FALSE,EXCEPTION,Date discrepancy,For Investigation
2960529618,1,1,TRUE,TRUE,TRUE,TRUE,FALSE,FALSE,FALSE,EXCEPTION,Date discrepancy,For Investigation
1930348729,1,1,TRUE,TRUE,TRUE,TRUE,TRUE,FALSE,FALSE,MATCHED,,
1928653006,1,1,TRUE,TRUE,TRUE,FALSE,TRUE,FALSE,FALSE,EXCEPTION,Customer discrepancy,For Investigation
1930559362,1,1,TRUE,TRUE,TRUE,TRUE,FALSE,FALSE,FALSE,EXCEPTION,Date discrepancy,For Investigation
1991825597,1,1,TRUE,TRUE,TRUE,TRUE,TRUE,FALSE,FALSE,MATCHED,,
1930009404,1,1,TRUE,TRUE,TRUE,TRUE,FALSE,FALSE,FALSE,EXCEPTION,Date discrepancy,For Investigation
1929971058,1,1,TRUE,TRUE,TRUE,TRUE,TRUE,FALSE,FALSE,MATCHED,,
1929491851,1,1,TRUE,TRUE,TRUE,TRUE,FALSE,FALSE,FALSE,EXCEPTION,Date discrepancy,For Investigation
2960555327,1,0,FALSE,,,,,FALSE,FALSE,EXCEPTION,Transaction Present in AR Only,For Investigation
1930017097,1,1,TRUE,TRUE,TRUE,TRUE,FALSE,FALSE,FALSE,EXCEPTION,Date discrepancy,For Investigation
1929231843,1,1,TRUE,TRUE,TRUE,FALSE,FALSE,FALSE,FALSE,EXCEPTION,Customer discrepancy; Date discrepancy,For Investigation
1928779846,1,1,TRUE,TRUE,TRUE,TRUE,TRUE,FALSE,FALSE,MATCHED,,
2960566852,1,1,TRUE,FALSE,TRUE,TRUE,FALSE,FALSE,FALSE,EXCEPTION,Amount discrepancy; Date discrepancy,For Investigation
1929446197,1,1,TRUE,TRUE,TRUE,TRUE,TRUE,FALSE,FALSE,MATCHED,,
1929451962,2,1,TRUE,,,,,TRUE,FALSE,EXCEPTION,Duplicate AR Entry,For Investigation
1929372581,1,1,TRUE,TRUE,TRUE,FALSE,TRUE,FALSE,FALSE,EXCEPTION,Customer discrepancy,For Investigation
2960556777,1,1,TRUE,TRUE,TRUE,TRUE,FALSE,FALSE,FALSE,EXCEPTION,Date discrepancy,For Investigation
1930193656,1,0,FALSE,,,,,FALSE,FALSE,EXCEPTION,Transaction Present in AR Only,For Investigation
1929568341,1,1,TRUE,TRUE,TRUE,TRUE,TRUE,FALSE,FALSE,MATCHED,,
1929814610,1,1,TRUE,TRUE,TRUE,TRUE,FALSE,FALSE,FALSE,EXCEPTION,Date discrepancy,For Investigation
1929742095,1,1,TRUE,TRUE,TRUE,TRUE,TRUE,FALSE,FALSE,MATCHED,,
1930072020,1,1,TRUE,TRUE,FALSE,TRUE,TRUE,FALSE,FALSE,EXCEPTION,Currency discrepancy,For Investigation
1928996760,1,1,TRUE,TRUE,TRUE,TRUE,TRUE,FALSE,FALSE,MATCHED,,
1929880958,1,1,TRUE,TRUE,TRUE,TRUE,FALSE,FALSE,FALSE,EXCEPTION,Date discrepancy,For Investigation
1930139023,2,1,TRUE,,,,,TRUE,FALSE,EXCEPTION,Duplicate AR Entry,For Investigation
1928646352,1,1,TRUE,TRUE,TRUE,TRUE,FALSE,FALSE,FALSE,EXCEPTION,Date discrepancy,For Investigation
1930159611,1,1,TRUE,TRUE,TRUE,TRUE,TRUE,FALSE,FALSE,MATCHED,,
1930561372,1,1,TRUE,TRUE,TRUE,TRUE,FALSE,FALSE,FALSE,EXCEPTION,Date discrepancy,For Investigation
2960556282,1,1,TRUE,TRUE,TRUE,TRUE,FALSE,FALSE,FALSE,EXCEPTION,Date discrepancy,For Investigation
1930476498,1,1,TRUE,TRUE,TRUE,FALSE,TRUE,FALSE,FALSE,EXCEPTION,Customer discrepancy,For Investigation
1929915776,1,2,TRUE,,,,,FALSE,TRUE,EXCEPTION,Duplicate Bank Entry,For Investigation
1929623536,1,1,TRUE,TRUE,TRUE,TRUE,FALSE,FALSE,FALSE,EXCEPTION,Date discrepancy,For Investigation
1929151742,1,1,TRUE,FALSE,TRUE,TRUE,FALSE,FALSE,FALSE,EXCEPTION,Amount discrepancy; Date discrepancy,For Investigation
1929908598,2,1,TRUE,,,,,TRUE,FALSE,EXCEPTION,Duplicate AR Entry,For Investigation
1929848484,1,1,TRUE,TRUE,TRUE,TRUE,FALSE,FALSE,FALSE,EXCEPTION,Date discrepancy,For Investigation
2960574525,1,1,TRUE,TRUE,TRUE,TRUE,FALSE,FALSE,FALSE,EXCEPTION,Date discrepancy,For Investigation
1929910758,1,1,TRUE,TRUE,FALSE,TRUE,FALSE,FALSE,FALSE,EXCEPTION,Currency discrepancy; Date discrepancy,For Investigation
1930361746,1,1,TRUE,TRUE,TRUE,TRUE,TRUE,FALSE,FALSE,MATCHED,,
1929844920,1,1,TRUE,FALSE,TRUE,TRUE,TRUE,FALSE,FALSE,EXCEPTION,Amount discrepancy,For Investigation
1930240359,1,1,TRUE,TRUE,TRUE,TRUE,FALSE,FALSE,FALSE,EXCEPTION,Date discrepancy,For Investigation
1930186175,1,1,TRUE,TRUE,TRUE,TRUE,FALSE,FALSE,FALSE,EXCEPTION,Date discrepancy,For Investigation
1929702417,1,1,TRUE,TRUE,TRUE,TRUE,TRUE,FALSE,FALSE,MATCHED,,
1929823883,1,1,TRUE,TRUE,TRUE,TRUE,FALSE,FALSE,FALSE,EXCEPTION,Date discrepancy,For Investigation
1991838882,1,1,TRUE,TRUE,TRUE,TRUE,FALSE,FALSE,FALSE,EXCEPTION,Date discrepancy,For Investigation
1929907825,1,1,TRUE,TRUE,TRUE,TRUE,FALSE,FALSE,FALSE,EXCEPTION,Date discrepancy,For Investigation
1929651277,1,1,TRUE,TRUE,TRUE,TRUE,TRUE,FALSE,FALSE,MATCHED,,
1929188221,1,1,TRUE,TRUE,TRUE,TRUE,TRUE,FALSE,FALSE,MATCHED,,
1930460255,1,1,TRUE,TRUE,TRUE,TRUE,TRUE,FALSE,FALSE,MATCHED,,
1928543308,1,1,TRUE,TRUE,FALSE,TRUE,FALSE,FALSE,FALSE,EXCEPTION,Currency discrepancy; Date discrepancy,For Investigation
1930200152,2,1,TRUE,,,,,TRUE,FALSE,EXCEPTION,Duplicate AR Entry,For Investigation
1928563956,1,1,TRUE,TRUE,TRUE,FALSE,TRUE,FALSE,FALSE,EXCEPTION,Customer discrepancy,For Investigation
1929322730,1,1,TRUE,TRUE,TRUE,TRUE,TRUE,FALSE,FALSE,MATCHED,,
1930510198,1,0,FALSE,,,,,FALSE,FALSE,EXCEPTION,Transaction Present in AR Only,For Investigation
1928833207,1,1,TRUE,TRUE,TRUE,TRUE,FALSE,FALSE,FALSE,EXCEPTION,Date discrepancy,For Investigation
1929250183,1,1,TRUE,TRUE,FALSE,TRUE,TRUE,FALSE,FALSE,EXCEPTION,Currency discrepancy,For Investigation
1928648516,1,1,TRUE,TRUE,TRUE,TRUE,TRUE,FALSE,FALSE,MATCHED,,
1929383019,1,1,TRUE,TRUE,FALSE,TRUE,TRUE,FALSE,FALSE,EXCEPTION,Currency discrepancy,For Investigation
1928933553,1,1,TRUE,TRUE,TRUE,TRUE,FALSE,FALSE,FALSE,EXCEPTION,Date discrepancy,For Investigation
1991831901,1,1,TRUE,FALSE,TRUE,TRUE,FALSE,FALSE,FALSE,EXCEPTION,Amount discrepancy; Date discrepancy,For Investigation
1929136629,1,1,TRUE,TRUE,TRUE,TRUE,TRUE,FALSE,FALSE,MATCHED,,
2960522561,1,1,TRUE,TRUE,TRUE,TRUE,TRUE,FALSE,FALSE,MATCHED,,
1929365571,1,1,TRUE,FALSE,TRUE,TRUE,FALSE,FALSE,FALSE,EXCEPTION,Amount discrepancy; Date discrepancy,For Investigation
2960520385,1,1,TRUE,FALSE,TRUE,TRUE,FALSE,FALSE,FALSE,EXCEPTION,Amount discrepancy; Date discrepancy,For Investigation
1929800858,1,1,TRUE,TRUE,FALSE,TRUE,FALSE,FALSE,FALSE,EXCEPTION,Currency discrepancy; Date discrepancy,For Investigation
1929872741,1,1,TRUE,TRUE,FALSE,TRUE,TRUE,FALSE,FALSE,EXCEPTION,Currency discrepancy,For Investigation
1930560657,1,1,TRUE,TRUE,TRUE,TRUE,TRUE,FALSE,FALSE,MATCHED,,
1990568549,1,2,TRUE,,,,,FALSE,TRUE,EXCEPTION,Duplicate Bank Entry,For Investigation
1930010191,1,1,TRUE,TRUE,TRUE,TRUE,FALSE,FALSE,FALSE,EXCEPTION,Date discrepancy,For Investigation
1928749886,1,1,TRUE,TRUE,TRUE,FALSE,FALSE,FALSE,FALSE,EXCEPTION,Customer discrepancy; Date discrepancy,For Investigation
1929716316,1,0,FALSE,,,,,FALSE,FALSE,EXCEPTION,Transaction Present in AR Only,For Investigation
1929486974,1,1,TRUE,TRUE,TRUE,TRUE,FALSE,FALSE,FALSE,EXCEPTION,Date discrepancy,For Investigation
2960554983,1,1,TRUE,FALSE,TRUE,TRUE,TRUE,FALSE,FALSE,EXCEPTION,Amount discrepancy,For Investigation
2960594674,1,1,TRUE,TRUE,TRUE,TRUE,TRUE,FALSE,FALSE,MATCHED,,
1929680886,1,1,TRUE,TRUE,TRUE,TRUE,TRUE,FALSE,FALSE,MATCHED,,
1929225706,1,1,TRUE,TRUE,TRUE,TRUE,FALSE,FALSE,FALSE,EXCEPTION,Date discrepancy,For Investigation
1929903279,1,1,TRUE,TRUE,TRUE,TRUE,TRUE,FALSE,FALSE,MATCHED,,
1929938615,2,1,TRUE,,,,,TRUE,FALSE,EXCEPTION,Duplicate AR Entry,For Investigation
1929059553,1,2,TRUE,,,,,FALSE,TRUE,EXCEPTION,Duplicate Bank Entry,For Investigation
1928902032,1,1,TRUE,TRUE,TRUE,TRUE,FALSE,FALSE,FALSE,EXCEPTION,Date discrepancy,For Investigation
1928799884,1,1,TRUE,TRUE,TRUE,TRUE,TRUE,FALSE,FALSE,MATCHED,,
1930028092,1,1,TRUE,TRUE,TRUE,TRUE,FALSE,FALSE,FALSE,EXCEPTION,Date discrepancy,For Investigation
1929303433,1,1,TRUE,TRUE,TRUE,TRUE,TRUE,FALSE,FALSE,MATCHED,,
1929576748,1,1,TRUE,TRUE,TRUE,TRUE,TRUE,FALSE,FALSE,MATCHED,,
1929760406,1,1,TRUE,TRUE,TRUE,TRUE,TRUE,FALSE,FALSE,MATCHED,,
1930475204,1,2,TRUE,,,,,FALSE,TRUE,EXCEPTION,Duplicate Bank Entry,For Investigation
1930013113,1,1,TRUE,TRUE,TRUE,TRUE,FALSE,FALSE,FALSE,EXCEPTION,Date discrepancy,For Investigation
1930311125,1,1,TRUE,FALSE,TRUE,TRUE,FALSE,FALSE,FALSE,EXCEPTION,Amount discrepancy; Date discrepancy,For Investigation
1930098555,1,1,TRUE,TRUE,TRUE,TRUE,TRUE,FALSE,FALSE,MATCHED,,
1930254927,1,1,TRUE,TRUE,TRUE,TRUE,TRUE,FALSE,FALSE,MATCHED,,
1929408263,1,1,TRUE,TRUE,TRUE,FALSE,FALSE,FALSE,FALSE,EXCEPTION,Customer discrepancy; Date discrepancy,For Investigation
2960608270,1,1,TRUE,TRUE,TRUE,TRUE,TRUE,FALSE,FALSE,MATCHED,,
1929644508,1,0,FALSE,,,,,FALSE,FALSE,EXCEPTION,Transaction Present in AR Only,For Investigation
1928638856,1,0,FALSE,,,,,FALSE,FALSE,EXCEPTION,Transaction Present in AR Only,For Investigation
1929052983,1,1,TRUE,TRUE,TRUE,TRUE,TRUE,FALSE,FALSE,MATCHED,,
1929076842,1,1,TRUE,TRUE,TRUE,TRUE,TRUE,FALSE,FALSE,MATCHED,,
1929018449,1,1,TRUE,TRUE,TRUE,TRUE,FALSE,FALSE,FALSE,EXCEPTION,Date discrepancy,For Investigation
1929206008,1,1,TRUE,TRUE,TRUE,TRUE,TRUE,FALSE,FALSE,MATCHED,,
1930525630,1,1,TRUE,TRUE,TRUE,TRUE,TRUE,FALSE,FALSE,MATCHED,,
1930453919,1,1,TRUE,TRUE,TRUE,FALSE,TRUE,FALSE,FALSE,EXCEPTION,Customer discrepancy,For Investigation
1928942623,1,1,TRUE,TRUE,FALSE,TRUE,TRUE,FALSE,FALSE,EXCEPTION,Currency discrepancy,For Investigation
1930523269,1,1,TRUE,TRUE,TRUE,TRUE,TRUE,FALSE,FALSE,MATCHED,,
1929700375,1,1,TRUE,TRUE,TRUE,TRUE,TRUE,FALSE,FALSE,MATCHED,,
1930038380,1,1,TRUE,TRUE,TRUE,TRUE,TRUE,FALSE,FALSE,MATCHED,,
1930070962,1,1,TRUE,TRUE,TRUE,TRUE,FALSE,FALSE,FALSE,EXCEPTION,Date discrepancy,For Investigation
1930542513,1,1,TRUE,TRUE,TRUE,TRUE,FALSE,FALSE,FALSE,EXCEPTION,Date discrepancy,For Investigation
1929265465,1,1,TRUE,TRUE,TRUE,TRUE,FALSE,FALSE,FALSE,EXCEPTION,Date discrepancy,For Investigation
1929655524,1,0,FALSE,,,,,FALSE,FALSE,EXCEPTION,Transaction Present in AR Only,For Investigation
1929801326,1,1,TRUE,TRUE,TRUE,TRUE,TRUE,FALSE,FALSE,MATCHED,,
1929111520,1,1,TRUE,TRUE,TRUE,TRUE,TRUE,FALSE,FALSE,MATCHED,,
1930536240,1,1,TRUE,TRUE,TRUE,TRUE,TRUE,FALSE,FALSE,MATCHED,,
1928879113,1,1,TRUE,TRUE,TRUE,TRUE,FALSE,FALSE,FALSE,EXCEPTION,Date discrepancy,For Investigation
1929608922,1,0,FALSE,,,,,FALSE,FALSE,EXCEPTION,Transaction Present in AR Only,For Investigation
1929284376,1,1,TRUE,TRUE,TRUE,TRUE,FALSE,FALSE,FALSE,EXCEPTION,Date discrepancy,For Investigation
1929090035,1,1,TRUE,TRUE,TRUE,TRUE,TRUE,FALSE,FALSE,MATCHED,,
1929811634,1,1,TRUE,TRUE,TRUE,TRUE,TRUE,FALSE,FALSE,MATCHED,,
1930530123,1,1,TRUE,TRUE,TRUE,TRUE,FALSE,FALSE,FALSE,EXCEPTION,Date discrepancy,For Investigation
1929059764,1,2,TRUE,,,,,FALSE,TRUE,EXCEPTION,Duplicate Bank Entry,For Investigation
1991830429,1,1,TRUE,TRUE,TRUE,TRUE,FALSE,FALSE,FALSE,EXCEPTION,Date discrepancy,For Investigation
1930276804,1,0,FALSE,,,,,FALSE,FALSE,EXCEPTION,Transaction Present in AR Only,For Investigation
1929910486,1,1,TRUE,TRUE,TRUE,TRUE,TRUE,FALSE,FALSE,MATCHED,,
1929206082,1,1,TRUE,TRUE,TRUE,TRUE,TRUE,FALSE,FALSE,MATCHED,,
1929818217,1,0,FALSE,,,,,FALSE,FALSE,EXCEPTION,Transaction Present in AR Only,For Investigation
1929838748,1,1,TRUE,TRUE,TRUE,TRUE,TRUE,FALSE,FALSE,MATCHED,,
2960550580,1,0,FALSE,,,,,FALSE,FALSE,EXCEPTION,Transaction Present in AR Only,For Investigation
1929528777,1,1,TRUE,TRUE,TRUE,FALSE,FALSE,FALSE,FALSE,EXCEPTION,Customer discrepancy; Date discrepancy,For Investigation
2960595644,1,2,TRUE,,,,,FALSE,TRUE,EXCEPTION,Duplicate Bank Entry,For Investigation
2960561771,1,1,TRUE,TRUE,TRUE,TRUE,FALSE,FALSE,FALSE,EXCEPTION,Date discrepancy,For Investigation
1928702289,1,1,TRUE,TRUE,TRUE,TRUE,FALSE,FALSE,FALSE,EXCEPTION,Date discrepancy,For Investigation
1930474736,1,1,TRUE,TRUE,TRUE,TRUE,FALSE,FALSE,FALSE,EXCEPTION,Date discrepancy,For Investigation
1928836162,1,1,TRUE,TRUE,TRUE,TRUE,FALSE,FALSE,FALSE,EXCEPTION,Date discrepancy,For Investigation
1930475243,1,1,TRUE,TRUE,TRUE,TRUE,TRUE,FALSE,FALSE,MATCHED,,
1930071164,2,1,TRUE,,,,,TRUE,FALSE,EXCEPTION,Duplicate AR Entry,For Investigation
1930014096,1,1,TRUE,TRUE,TRUE,TRUE,FALSE,FALSE,FALSE,EXCEPTION,Date discrepancy,For Investigation
1930198025,1,1,TRUE,TRUE,TRUE,TRUE,TRUE,FALSE,FALSE,MATCHED,,
1929462620,1,1,TRUE,TRUE,TRUE,TRUE,TRUE,FALSE,FALSE,MATCHED,,
1929739739,1,1,TRUE,TRUE,TRUE,FALSE,FALSE,FALSE,FALSE,EXCEPTION,Customer discrepancy; Date discrepancy,For Investigation
2960539430,1,1,TRUE,TRUE,TRUE,TRUE,FALSE,FALSE,FALSE,EXCEPTION,Date discrepancy,For Investigation
1929771671,1,1,TRUE,TRUE,TRUE,TRUE,FALSE,FALSE,FALSE,EXCEPTION,Date discrepancy,For Investigation
1928824883,1,1,TRUE,TRUE,TRUE,TRUE,TRUE,FALSE,FALSE,MATCHED,,
1930431452,1,1,TRUE,TRUE,TRUE,TRUE,FALSE,FALSE,FALSE,EXCEPTION,Date discrepancy,For Investigation
1928575878,1,1,TRUE,TRUE,FALSE,TRUE,FALSE,FALSE,FALSE,EXCEPTION,Currency discrepancy; Date discrepancy,For Investigation
1930332665,1,1,TRUE,FALSE,TRUE,TRUE,TRUE,FALSE,FALSE,EXCEPTION,Amount discrepancy,For Investigation
1928758473,1,1,TRUE,TRUE,TRUE,TRUE,TRUE,FALSE,FALSE,MATCHED,,
1929291478,1,1,TRUE,TRUE,TRUE,TRUE,FALSE,FALSE,FALSE,EXCEPTION,Date discrepancy,For Investigation
1930567406,1,1,TRUE,TRUE,TRUE,TRUE,TRUE,FALSE,FALSE,MATCHED,,
1930430276,2,1,TRUE,,,,,TRUE,FALSE,EXCEPTION,Duplicate AR Entry,For Investigation
1930008552,1,1,TRUE,TRUE,TRUE,TRUE,TRUE,FALSE,FALSE,MATCHED,,
1929498023,1,1,TRUE,TRUE,TRUE,TRUE,TRUE,FALSE,FALSE,MATCHED,,
1930503744,1,1,TRUE,TRUE,TRUE,TRUE,TRUE,FALSE,FALSE,MATCHED,,
1991829436,1,1,TRUE,TRUE,TRUE,TRUE,FALSE,FALSE,FALSE,EXCEPTION,Date discrepancy,For Investigation
1928947574,1,1,TRUE,TRUE,TRUE,TRUE,FALSE,FALSE,FALSE,EXCEPTION,Date discrepancy,For Investigation
1991829507,1,1,TRUE,TRUE,TRUE,FALSE,FALSE,FALSE,FALSE,EXCEPTION,Customer discrepancy; Date discrepancy,For Investigation
1929882427,1,1,TRUE,TRUE,TRUE,TRUE,FALSE,FALSE,FALSE,EXCEPTION,Date discrepancy,For Investigation
1930055697,1,1,TRUE,TRUE,TRUE,TRUE,TRUE,FALSE,FALSE,MATCHED,,
1929896560,1,1,TRUE,TRUE,TRUE,TRUE,FALSE,FALSE,FALSE,EXCEPTION,Date discrepancy,For Investigation
1930450588,1,1,TRUE,TRUE,TRUE,TRUE,FALSE,FALSE,FALSE,EXCEPTION,Date discrepancy,For Investigation
1929850037,1,0,FALSE,,,,,FALSE,FALSE,EXCEPTION,Transaction Present in AR Only,For Investigation
1930262974,1,1,TRUE,TRUE,TRUE,FALSE,FALSE,FALSE,FALSE,EXCEPTION,Customer discrepancy; Date discrepancy,For Investigation
1928779791,1,1,TRUE,FALSE,TRUE,TRUE,TRUE,FALSE,FALSE,EXCEPTION,Amount discrepancy,For Investigation
1930009697,1,1,TRUE,TRUE,TRUE,TRUE,FALSE,FALSE,FALSE,EXCEPTION,Date discrepancy,For Investigation
1929697383,1,1,TRUE,TRUE,TRUE,TRUE,TRUE,FALSE,FALSE,MATCHED,,
1929045866,1,1,TRUE,TRUE,TRUE,TRUE,TRUE,FALSE,FALSE,MATCHED,,
1929520253,1,1,TRUE,TRUE,TRUE,TRUE,TRUE,FALSE,FALSE,MATCHED,,
1929230146,1,1,TRUE,TRUE,TRUE,TRUE,TRUE,FALSE,FALSE,MATCHED,,
1928942035,1,1,TRUE,TRUE,TRUE,TRUE,TRUE,FALSE,FALSE,MATCHED,,
1929497300,1,1,TRUE,FALSE,TRUE,TRUE,FALSE,FALSE,FALSE,EXCEPTION,Amount discrepancy; Date discrepancy,For Investigation
1929152201,1,1,TRUE,TRUE,TRUE,TRUE,TRUE,FALSE,FALSE,MATCHED,,
1929944956,1,1,TRUE,TRUE,TRUE,FALSE,FALSE,FALSE,FALSE,EXCEPTION,Customer discrepancy; Date discrepancy,For Investigation
1930028054,1,1,TRUE,TRUE,TRUE,TRUE,TRUE,FALSE,FALSE,MATCHED,,
1930452002,1,2,TRUE,,,,,FALSE,TRUE,EXCEPTION,Duplicate Bank Entry,For Investigation
1928782127,1,0,FALSE,,,,,FALSE,FALSE,EXCEPTION,Transaction Present in AR Only,For Investigation
1929521642,1,1,TRUE,TRUE,TRUE,TRUE,TRUE,FALSE,FALSE,MATCHED,,
2960597718,1,1,TRUE,TRUE,TRUE,TRUE,FALSE,FALSE,FALSE,EXCEPTION,Date discrepancy,For Investigation
1929626640,1,1,TRUE,TRUE,TRUE,TRUE,FALSE,FALSE,FALSE,EXCEPTION,Date discrepancy,For Investigation
1930517637,1,1,TRUE,FALSE,TRUE,TRUE,TRUE,FALSE,FALSE,EXCEPTION,Amount discrepancy,For Investigation
1928789112,1,1,TRUE,TRUE,TRUE,TRUE,TRUE,FALSE,FALSE,MATCHED,,
1991819685,1,1,TRUE,TRUE,TRUE,TRUE,TRUE,FALSE,FALSE,MATCHED,,
1928798696,1,1,TRUE,FALSE,TRUE,TRUE,FALSE,FALSE,FALSE,EXCEPTION,Amount discrepancy; Date discrepancy,For Investigation
1929471291,1,1,TRUE,TRUE,TRUE,TRUE,FALSE,FALSE,FALSE,EXCEPTION,Date discrepancy,For Investigation
1929559339,1,0,FALSE,,,,,FALSE,FALSE,EXCEPTION,Transaction Present in AR Only,For Investigation
1928907829,1,1,TRUE,TRUE,TRUE,TRUE,TRUE,FALSE,FALSE,MATCHED,,
1929512480,1,1,TRUE,FALSE,TRUE,TRUE,TRUE,FALSE,FALSE,EXCEPTION,Amount discrepancy,For Investigation
1928610845,1,2,TRUE,,,,,FALSE,TRUE,EXCEPTION,Duplicate Bank Entry,For Investigation
1929351494,1,1,TRUE,TRUE,TRUE,FALSE,TRUE,FALSE,FALSE,EXCEPTION,Customer discrepancy,For Investigation
1930129853,2,1,TRUE,,,,,TRUE,FALSE,EXCEPTION,Duplicate AR Entry,For Investigation
1929479079,1,1,TRUE,TRUE,TRUE,TRUE,FALSE,FALSE,FALSE,EXCEPTION,Date discrepancy,For Investigation
1929617316,1,1,TRUE,TRUE,TRUE,TRUE,FALSE,FALSE,FALSE,EXCEPTION,Date discrepancy,For Investigation
2960539482,1,1,TRUE,TRUE,TRUE,TRUE,FALSE,FALSE,FALSE,EXCEPTION,Date discrepancy,For Investigation
1930454981,1,1,TRUE,TRUE,TRUE,TRUE,TRUE,FALSE,FALSE,MATCHED,,
1929839645,1,1,TRUE,TRUE,TRUE,TRUE,TRUE,FALSE,FALSE,MATCHED,,
1930056858,1,1,TRUE,TRUE,TRUE,FALSE,FALSE,FALSE,FALSE,EXCEPTION,Customer discrepancy; Date discrepancy,For Investigation
1929879351,1,1,TRUE,TRUE,TRUE,FALSE,TRUE,FALSE,FALSE,EXCEPTION,Customer discrepancy,For Investigation
1930550814,1,1,TRUE,TRUE,TRUE,TRUE,FALSE,FALSE,FALSE,EXCEPTION,Date discrepancy,For Investigation
1991839336,1,1,TRUE,TRUE,TRUE,TRUE,TRUE,FALSE,FALSE,MATCHED,,
2960600761,1,1,TRUE,TRUE,TRUE,TRUE,TRUE,FALSE,FALSE,MATCHED,,
1929645837,1,1,TRUE,TRUE,TRUE,TRUE,FALSE,FALSE,FALSE,EXCEPTION,Date discrepancy,For Investigation
1930525995,2,1,TRUE,,,,,TRUE,FALSE,EXCEPTION,Duplicate AR Entry,For Investigation
1991818182,1,1,TRUE,TRUE,FALSE,TRUE,FALSE,FALSE,FALSE,EXCEPTION,Currency discrepancy; Date discrepancy,For Investigation
2960580155,1,1,TRUE,TRUE,TRUE,TRUE,FALSE,FALSE,FALSE,EXCEPTION,Date discrepancy,For Investigation
1930064808,1,1,TRUE,TRUE,TRUE,TRUE,TRUE,FALSE,FALSE,MATCHED,,
1929321581,1,1,TRUE,TRUE,TRUE,TRUE,TRUE,FALSE,FALSE,MATCHED,,
1930014577,1,1,TRUE,TRUE,TRUE,TRUE,TRUE,FALSE,FALSE,MATCHED,,
1930173653,1,2,TRUE,,,,,FALSE,TRUE,EXCEPTION,Duplicate Bank Entry,For Investigation
1930409456,1,1,TRUE,TRUE,TRUE,TRUE,FALSE,FALSE,FALSE,EXCEPTION,Date discrepancy,For Investigation
1930219917,1,1,TRUE,TRUE,TRUE,TRUE,TRUE,FALSE,FALSE,MATCHED,,
1928708245,1,1,TRUE,TRUE,TRUE,TRUE,TRUE,FALSE,FALSE,MATCHED,,
2960521802,1,1,TRUE,TRUE,TRUE,TRUE,FALSE,FALSE,FALSE,EXCEPTION,Date discrepancy,For Investigation
1929343384,1,1,TRUE,TRUE,TRUE,TRUE,FALSE,FALSE,FALSE,EXCEPTION,Date discrepancy,For Investigation
2960534798,2,1,TRUE,,,,,TRUE,FALSE,EXCEPTION,Duplicate AR Entry,For Investigation
1930378548,1,1,TRUE,TRUE,TRUE,FALSE,FALSE,FALSE,FALSE,EXCEPTION,Customer discrepancy; Date discrepancy,For Investigation
1928656758,1,1,TRUE,TRUE,TRUE,TRUE,TRUE,FALSE,FALSE,MATCHED,,
1928855953,1,1,TRUE,TRUE,TRUE,TRUE,TRUE,FALSE,FALSE,MATCHED,,
1928779889,1,1,TRUE,TRUE,TRUE,TRUE,FALSE,FALSE,FALSE,EXCEPTION,Date discrepancy,For Investigation
1929367457,1,1,TRUE,TRUE,FALSE,TRUE,TRUE,FALSE,FALSE,EXCEPTION,Currency discrepancy,For Investigation
1929722896,1,1,TRUE,FALSE,TRUE,TRUE,TRUE,FALSE,FALSE,EXCEPTION,Amount discrepancy,For Investigation
1930482132,1,1,TRUE,TRUE,TRUE,FALSE,FALSE,FALSE,FALSE,EXCEPTION,Customer discrepancy; Date discrepancy,For Investigation
1928775992,1,1,TRUE,TRUE,TRUE,FALSE,TRUE,FALSE,FALSE,EXCEPTION,Customer discrepancy,For Investigation
1930557215,1,1,TRUE,TRUE,TRUE,TRUE,TRUE,FALSE,FALSE,MATCHED,,
1930346672,1,1,TRUE,TRUE,TRUE,TRUE,TRUE,FALSE,FALSE,MATCHED,,
1929776526,1,1,TRUE,TRUE,TRUE,TRUE,FALSE,FALSE,FALSE,EXCEPTION,Date discrepancy,For Investigation
1929007996,1,1,TRUE,TRUE,TRUE,TRUE,TRUE,FALSE,FALSE,MATCHED,,
1928742918,1,1,TRUE,TRUE,TRUE,TRUE,FALSE,FALSE,FALSE,EXCEPTION,Date discrepancy,For Investigation
1929728472,1,1,TRUE,TRUE,FALSE,TRUE,TRUE,FALSE,FALSE,EXCEPTION,Currency discrepancy,For Investigation
1928602034,1,1,TRUE,TRUE,TRUE,TRUE,TRUE,FALSE,FALSE,MATCHED,,
1930044866,1,1,TRUE,TRUE,TRUE,TRUE,FALSE,FALSE,FALSE,EXCEPTION,Date discrepancy,For Investigation
1929739354,1,1,TRUE,TRUE,TRUE,TRUE,FALSE,FALSE,FALSE,EXCEPTION,Date discrepancy,For Investigation
1929353527,1,1,TRUE,TRUE,TRUE,TRUE,FALSE,FALSE,FALSE,EXCEPTION,Date discrepancy,For Investigation
1928784704,1,1,TRUE,TRUE,TRUE,TRUE,TRUE,FALSE,FALSE,MATCHED,,
1929748427,1,1,TRUE,TRUE,TRUE,TRUE,TRUE,FALSE,FALSE,MATCHED,,
2960544762,1,1,TRUE,TRUE,TRUE,TRUE,TRUE,FALSE,FALSE,MATCHED,,
1930356782,1,1,TRUE,TRUE,TRUE,TRUE,TRUE,FALSE,FALSE,MATCHED,,
1930440685,1,1,TRUE,TRUE,TRUE,TRUE,FALSE,FALSE,FALSE,EXCEPTION,Date discrepancy,For Investigation
1929587138,1,1,TRUE,TRUE,TRUE,TRUE,TRUE,FALSE,FALSE,MATCHED,,
1929441632,1,0,FALSE,,,,,FALSE,FALSE,EXCEPTION,Transaction Present in AR Only,For Investigation
2960585653,1,1,TRUE,TRUE,TRUE,TRUE,FALSE,FALSE,FALSE,EXCEPTION,Date discrepancy,For Investigation
1929574076,1,1,TRUE,TRUE,TRUE,TRUE,FALSE,FALSE,FALSE,EXCEPTION,Date discrepancy,For Investigation
1929915248,1,1,TRUE,TRUE,TRUE,TRUE,FALSE,FALSE,FALSE,EXCEPTION,Date discrepancy,For Investigation
1928904094,1,1,TRUE,TRUE,TRUE,FALSE,TRUE,FALSE,FALSE,EXCEPTION,Customer discrepancy,For Investigation
1930490909,1,1,TRUE,TRUE,FALSE,TRUE,FALSE,FALSE,FALSE,EXCEPTION,Currency discrepancy; Date discrepancy,For Investigation
1929866081,1,1,TRUE,TRUE,TRUE,TRUE,FALSE,FALSE,FALSE,EXCEPTION,Date discrepancy,For Investigation
1928637600,2,1,TRUE,,,,,TRUE,FALSE,EXCEPTION,Duplicate AR Entry,For Investigation
1929297097,1,1,TRUE,TRUE,TRUE,TRUE,FALSE,FALSE,FALSE,EXCEPTION,Date discrepancy,For Investigation
1929877628,1,1,TRUE,TRUE,TRUE,TRUE,TRUE,FALSE,FALSE,MATCHED,,
1929180223,1,1,TRUE,TRUE,TRUE,TRUE,FALSE,FALSE,FALSE,EXCEPTION,Date discrepancy,For Investigation
1929797183,1,1,TRUE,TRUE,TRUE,TRUE,TRUE,FALSE,FALSE,MATCHED,,
1928696261,1,1,TRUE,TRUE,TRUE,TRUE,TRUE,FALSE,FALSE,MATCHED,,
1929519327,1,1,TRUE,TRUE,TRUE,TRUE,FALSE,FALSE,FALSE,EXCEPTION,Date discrepancy,For Investigation
1929513526,1,2,TRUE,,,,,FALSE,TRUE,EXCEPTION,Duplicate Bank Entry,For Investigation
1930086819,1,1,TRUE,FALSE,TRUE,TRUE,TRUE,FALSE,FALSE,EXCEPTION,Amount discrepancy,For Investigation
1929937891,2,1,TRUE,,,,,TRUE,FALSE,EXCEPTION,Duplicate AR Entry,For Investigation
1991819494,1,2,TRUE,,,,,FALSE,TRUE,EXCEPTION,Duplicate Bank Entry,For Investigation
1928731007,1,1,TRUE,TRUE,TRUE,TRUE,TRUE,FALSE,FALSE,MATCHED,,
1928608983,1,1,TRUE,TRUE,TRUE,TRUE,TRUE,FALSE,FALSE,MATCHED,,
1929338360,1,0,FALSE,,,,,FALSE,FALSE,EXCEPTION,Transaction Present in AR Only,For Investigation
2960582817,1,1,TRUE,TRUE,TRUE,TRUE,TRUE,FALSE,FALSE,MATCHED,,
1991826314,1,2,TRUE,,,,,FALSE,TRUE,EXCEPTION,Duplicate Bank Entry,For Investigation
1929011626,1,1,TRUE,TRUE,TRUE,TRUE,FALSE,FALSE,FALSE,EXCEPTION,Date discrepancy,For Investigation
1929177554,1,1,TRUE,TRUE,TRUE,TRUE,FALSE,FALSE,FALSE,EXCEPTION,Date discrepancy,For Investigation
1929808284,1,1,TRUE,TRUE,TRUE,TRUE,TRUE,FALSE,FALSE,MATCHED,,
1928853080,1,1,TRUE,TRUE,TRUE,TRUE,FALSE,FALSE,FALSE,EXCEPTION,Date discrepancy,For Investigation
1930384687,2,1,TRUE,,,,,TRUE,FALSE,EXCEPTION,Duplicate AR Entry,For Investigation
1929660413,1,1,TRUE,TRUE,TRUE,TRUE,FALSE,FALSE,FALSE,EXCEPTION,Date discrepancy,For Investigation
1930098654,1,1,TRUE,TRUE,TRUE,TRUE,TRUE,FALSE,FALSE,MATCHED,,
1929101968,1,0,FALSE,,,,,FALSE,FALSE,EXCEPTION,Transaction Present in AR Only,For Investigation
1930355679,1,1,TRUE,TRUE,TRUE,TRUE,TRUE,FALSE,FALSE,MATCHED,,
1929939068,1,1,TRUE,TRUE,TRUE,TRUE,TRUE,FALSE,FALSE,MATCHED,,
1929909438,1,1,TRUE,TRUE,TRUE,TRUE,FALSE,FALSE,FALSE,EXCEPTION,Date discrepancy,For Investigation
1928901686,2,1,TRUE,,,,,TRUE,FALSE,EXCEPTION,Duplicate AR Entry,For Investigation
1930371160,1,1,TRUE,TRUE,TRUE,TRUE,FALSE,FALSE,FALSE,EXCEPTION,Date discrepancy,For Investigation
1929371691,1,1,TRUE,FALSE,TRUE,TRUE,FALSE,FALSE,FALSE,EXCEPTION,Amount discrepancy; Date discrepancy,For Investigation
1930547650,1,1,TRUE,TRUE,TRUE,TRUE,FALSE,FALSE,FALSE,EXCEPTION,Date discrepancy,For Investigation
1928986709,1,1,TRUE,TRUE,TRUE,TRUE,TRUE,FALSE,FALSE,MATCHED,,
1929290522,1,1,TRUE,TRUE,TRUE,TRUE,FALSE,FALSE,FALSE,EXCEPTION,Date discrepancy,For Investigation
1928992922,1,1,TRUE,TRUE,TRUE,TRUE,TRUE,FALSE,FALSE,MATCHED,,
1929660764,2,1,TRUE,,,,,TRUE,FALSE,EXCEPTION,Duplicate AR Entry,For Investigation
1929464057,1,1,TRUE,TRUE,TRUE,FALSE,TRUE,FALSE,FALSE,EXCEPTION,Customer discrepancy,For Investigation
2960566569,1,1,TRUE,TRUE,TRUE,TRUE,FALSE,FALSE,FALSE,EXCEPTION,Date discrepancy,For Investigation
1928853696,1,1,TRUE,TRUE,TRUE,TRUE,TRUE,FALSE,FALSE,MATCHED,,
1929510463,1,1,TRUE,TRUE,TRUE,TRUE,TRUE,FALSE,FALSE,MATCHED,,
2960566356,1,1,TRUE,FALSE,TRUE,TRUE,TRUE,FALSE,FALSE,EXCEPTION,Amount discrepancy,For Investigation
1930096381,1,1,TRUE,FALSE,TRUE,TRUE,FALSE,FALSE,FALSE,EXCEPTION,Amount discrepancy; Date discrepancy,For Investigation
1929652227,1,0,FALSE,,,,,FALSE,FALSE,EXCEPTION,Transaction Present in AR Only,For Investigation
1930389448,1,2,TRUE,,,,,FALSE,TRUE,EXCEPTION,Duplicate Bank Entry,For Investigation
1930426555,1,2,TRUE,,,,,FALSE,TRUE,EXCEPTION,Duplicate Bank Entry,For Investigation
2960578668,1,1,TRUE,TRUE,TRUE,FALSE,TRUE,FALSE,FALSE,EXCEPTION,Customer discrepancy,For Investigation
1930461580,1,1,TRUE,TRUE,TRUE,TRUE,TRUE,FALSE,FALSE,MATCHED,,
1928544205,1,1,TRUE,TRUE,TRUE,TRUE,TRUE,FALSE,FALSE,MATCHED,,
1930338740,1,1,TRUE,TRUE,TRUE,TRUE,TRUE,FALSE,FALSE,MATCHED,,
1928654101,1,1,TRUE,TRUE,TRUE,TRUE,FALSE,FALSE,FALSE,EXCEPTION,Date discrepancy,For Investigation
1929681828,1,0,FALSE,,,,,FALSE,FALSE,EXCEPTION,Transaction Present in AR Only,For Investigation
1930254743,1,1,TRUE,TRUE,TRUE,TRUE,FALSE,FALSE,FALSE,EXCEPTION,Date discrepancy,For Investigation
1929379100,1,1,TRUE,TRUE,TRUE,TRUE,FALSE,FALSE,FALSE,EXCEPTION,Date discrepancy,For Investigation
1928994964,1,1,TRUE,TRUE,TRUE,TRUE,FALSE,FALSE,FALSE,EXCEPTION,Date discrepancy,For Investigation
1930477796,1,1,TRUE,TRUE,FALSE,TRUE,TRUE,FALSE,FALSE,EXCEPTION,Currency discrepancy,For Investigation
1929942203,1,1,TRUE,TRUE,TRUE,TRUE,TRUE,FALSE,FALSE,MATCHED,,
1928999264,1,1,TRUE,TRUE,FALSE,TRUE,TRUE,FALSE,FALSE,EXCEPTION,Currency discrepancy,For Investigation
1929986960,1,1,TRUE,TRUE,TRUE,TRUE,FALSE,FALSE,FALSE,EXCEPTION,Date discrepancy,For Investigation
1929766490,1,1,TRUE,TRUE,TRUE,TRUE,TRUE,FALSE,FALSE,MATCHED,,
1929192305,1,2,TRUE,,,,,FALSE,TRUE,EXCEPTION,Duplicate Bank Entry,For Investigation
1929628166,1,1,TRUE,TRUE,TRUE,FALSE,FALSE,FALSE,FALSE,EXCEPTION,Customer discrepancy; Date discrepancy,For Investigation
1929403029,1,1,TRUE,FALSE,TRUE,TRUE,FALSE,FALSE,FALSE,EXCEPTION,Amount discrepancy; Date discrepancy,For Investigation
1929915907,1,1,TRUE,TRUE,TRUE,TRUE,TRUE,FALSE,FALSE,MATCHED,,
1929415413,1,0,FALSE,,,,,FALSE,FALSE,EXCEPTION,Transaction Present in AR Only,For Investigation
1929760169,1,1,TRUE,TRUE,TRUE,TRUE,FALSE,FALSE,FALSE,EXCEPTION,Date discrepancy,For Investigation
1929091626,1,1,TRUE,TRUE,TRUE,FALSE,FALSE,FALSE,FALSE,EXCEPTION,Customer discrepancy; Date discrepancy,For Investigation
1930163323,1,1,TRUE,TRUE,TRUE,TRUE,FALSE,FALSE,FALSE,EXCEPTION,Date discrepancy,For Investigation
1928983246,1,1,TRUE,TRUE,TRUE,TRUE,TRUE,FALSE,FALSE,MATCHED,,
1929752334,1,1,TRUE,TRUE,TRUE,TRUE,TRUE,FALSE,FALSE,MATCHED,,
1929279158,1,1,TRUE,TRUE,TRUE,TRUE,FALSE,FALSE,FALSE,EXCEPTION,Date discrepancy,For Investigation
1930385975,1,1,TRUE,TRUE,TRUE,TRUE,FALSE,FALSE,FALSE,EXCEPTION,Date discrepancy,For Investigation
1929405948,1,1,TRUE,TRUE,TRUE,TRUE,TRUE,FALSE,FALSE,MATCHED,,
1928639641,1,1,TRUE,TRUE,TRUE,TRUE,FALSE,FALSE,FALSE,EXCEPTION,Date discrepancy,For Investigation
1929691189,1,1,TRUE,TRUE,TRUE,TRUE,TRUE,FALSE,FALSE,MATCHED,,
1930557614,1,1,TRUE,TRUE,TRUE,TRUE,FALSE,FALSE,FALSE,EXCEPTION,Date discrepancy,For Investigation
1930426229,1,1,TRUE,TRUE,TRUE,TRUE,FALSE,FALSE,FALSE,EXCEPTION,Date discrepancy,For Investigation
1928564926,1,1,TRUE,TRUE,TRUE,TRUE,TRUE,FALSE,FALSE,MATCHED,,
1929321061,1,1,TRUE,TRUE,TRUE,FALSE,TRUE,FALSE,FALSE,EXCEPTION,Customer discrepancy,For Investigation
1930033213,1,1,TRUE,TRUE,TRUE,TRUE,FALSE,FALSE,FALSE,EXCEPTION,Date discrepancy,For Investigation
1930008838,1,1,TRUE,FALSE,TRUE,TRUE,FALSE,FALSE,FALSE,EXCEPTION,Amount discrepancy; Date discrepancy,For Investigation
1929020964,1,1,TRUE,TRUE,TRUE,TRUE,FALSE,FALSE,FALSE,EXCEPTION,Date discrepancy,For Investigation
1930346915,1,1,TRUE,TRUE,TRUE,TRUE,FALSE,FALSE,FALSE,EXCEPTION,Date discrepancy,For Investigation
1929842020,1,1,TRUE,TRUE,TRUE,TRUE,TRUE,FALSE,FALSE,MATCHED,,
1929555112,1,1,TRUE,TRUE,TRUE,TRUE,FALSE,FALSE,FALSE,EXCEPTION,Date discrepancy,For Investigation
1929871296,1,1,TRUE,TRUE,TRUE,TRUE,TRUE,FALSE,FALSE,MATCHED,,
1930447614,1,1,TRUE,TRUE,TRUE,TRUE,TRUE,FALSE,FALSE,MATCHED,,
1928661331,1,1,TRUE,TRUE,TRUE,TRUE,FALSE,FALSE,FALSE,EXCEPTION,Date discrepancy,For Investigation
1929928015,1,1,TRUE,TRUE,TRUE,TRUE,FALSE,FALSE,FALSE,EXCEPTION,Date discrepancy,For Investigation
1929876618,1,1,TRUE,TRUE,TRUE,TRUE,TRUE,FALSE,FALSE,MATCHED,,
1928830684,2,1,TRUE,,,,,TRUE,FALSE,EXCEPTION,Duplicate AR Entry,For Investigation
1929791681,1,2,TRUE,,,,,FALSE,TRUE,EXCEPTION,Duplicate Bank Entry,For Investigation
1928797458,1,1,TRUE,TRUE,TRUE,TRUE,FALSE,FALSE,FALSE,EXCEPTION,Date discrepancy,For Investigation
1929691416,1,1,TRUE,TRUE,TRUE,TRUE,FALSE,FALSE,FALSE,EXCEPTION,Date discrepancy,For Investigation
1928980697,1,1,TRUE,TRUE,FALSE,TRUE,FALSE,FALSE,FALSE,EXCEPTION,Currency discrepancy; Date discrepancy,For Investigation
1930470416,1,1,TRUE,TRUE,TRUE,TRUE,FALSE,FALSE,FALSE,EXCEPTION,Date discrepancy,For Investigation
1930205894,1,1,TRUE,TRUE,TRUE,TRUE,TRUE,FALSE,FALSE,MATCHED,,
1929905199,1,1,TRUE,TRUE,FALSE,TRUE,TRUE,FALSE,FALSE,EXCEPTION,Currency discrepancy,For Investigation
1929340507,2,1,TRUE,,,,,TRUE,FALSE,EXCEPTION,Duplicate AR Entry,For Investigation
2960527206,1,1,TRUE,TRUE,TRUE,TRUE,FALSE,FALSE,FALSE,EXCEPTION,Date discrepancy,For Investigation
1929886312,1,1,TRUE,TRUE,TRUE,TRUE,TRUE,FALSE,FALSE,MATCHED,,
1928903636,1,1,TRUE,TRUE,TRUE,TRUE,FALSE,FALSE,FALSE,EXCEPTION,Date discrepancy,For Investigation
1930216446,1,1,TRUE,TRUE,TRUE,TRUE,TRUE,FALSE,FALSE,MATCHED,,
1929129147,1,1,TRUE,TRUE,TRUE,TRUE,TRUE,FALSE,FALSE,MATCHED,,
1929791878,1,1,TRUE,TRUE,TRUE,TRUE,TRUE,FALSE,FALSE,MATCHED,,
1929419609,1,1,TRUE,TRUE,TRUE,TRUE,FALSE,FALSE,FALSE,EXCEPTION,Date discrepancy,For Investigation
1928702833,1,1,TRUE,TRUE,TRUE,TRUE,FALSE,FALSE,FALSE,EXCEPTION,Date discrepancy,For Investigation
1928909212,1,1,TRUE,FALSE,TRUE,TRUE,TRUE,FALSE,FALSE,EXCEPTION,Amount discrepancy,For Investigation
1930037041,1,1,TRUE,TRUE,TRUE,TRUE,TRUE,FALSE,FALSE,MATCHED,,
1928901831,1,1,TRUE,TRUE,TRUE,TRUE,FALSE,FALSE,FALSE,EXCEPTION,Date discrepancy,For Investigation
1929225432,1,1,TRUE,TRUE,TRUE,TRUE,FALSE,FALSE,FALSE,EXCEPTION,Date discrepancy,For Investigation
2960548811,1,1,TRUE,TRUE,TRUE,TRUE,TRUE,FALSE,FALSE,MATCHED,,
1928574385,1,1,TRUE,TRUE,TRUE,TRUE,TRUE,FALSE,FALSE,MATCHED,,
1929660820,2,1,TRUE,,,,,TRUE,FALSE,EXCEPTION,Duplicate AR Entry,For Investigation
1928853418,1,1,TRUE,TRUE,TRUE,TRUE,FALSE,FALSE,FALSE,EXCEPTION,Date discrepancy,For Investigation
1929333993,1,1,TRUE,TRUE,TRUE,TRUE,FALSE,FALSE,FALSE,EXCEPTION,Date discrepancy,For Investigation
1930014131,1,1,TRUE,TRUE,TRUE,TRUE,TRUE,FALSE,FALSE,MATCHED,,
1928679587,1,1,TRUE,TRUE,TRUE,TRUE,TRUE,FALSE,FALSE,MATCHED,,
1929305956,1,1,TRUE,TRUE,TRUE,TRUE,FALSE,FALSE,FALSE,EXCEPTION,Date discrepancy,For Investigation
1929103207,1,1,TRUE,TRUE,TRUE,TRUE,TRUE,FALSE,FALSE,MATCHED,,
1929792799,1,1,TRUE,TRUE,TRUE,TRUE,FALSE,FALSE,FALSE,EXCEPTION,Date discrepancy,For Investigation
1928852563,1,1,TRUE,TRUE,TRUE,TRUE,TRUE,FALSE,FALSE,MATCHED,,
2960594991,1,1,TRUE,TRUE,TRUE,TRUE,TRUE,FALSE,FALSE,MATCHED,,
1929802511,1,1,TRUE,FALSE,TRUE,TRUE,TRUE,FALSE,FALSE,EXCEPTION,Amount discrepancy,For Investigation
2960581570,1,1,TRUE,TRUE,TRUE,TRUE,TRUE,FALSE,FALSE,MATCHED,,
1929879239,1,1,TRUE,TRUE,TRUE,TRUE,TRUE,FALSE,FALSE,MATCHED,,
1929079295,1,1,TRUE,TRUE,TRUE,TRUE,TRUE,FALSE,FALSE,MATCHED,,
1930189421,1,1,TRUE,TRUE,TRUE,FALSE,FALSE,FALSE,FALSE,EXCEPTION,Customer discrepancy; Date discrepancy,For Investigation
1929662450,1,2,TRUE,,,,,FALSE,TRUE,EXCEPTION,Duplicate Bank Entry,For Investigation
1929612092,1,1,TRUE,TRUE,TRUE,TRUE,FALSE,FALSE,FALSE,EXCEPTION,Date discrepancy,For Investigation
1929516885,1,1,TRUE,TRUE,TRUE,TRUE,FALSE,FALSE,FALSE,EXCEPTION,Date discrepancy,For Investigation
1930049775,1,1,TRUE,TRUE,TRUE,TRUE,FALSE,FALSE,FALSE,EXCEPTION,Date discrepancy,For Investigation
1930194389,1,1,TRUE,TRUE,TRUE,TRUE,TRUE,FALSE,FALSE,MATCHED,,
1930400080,1,1,TRUE,TRUE,TRUE,TRUE,FALSE,FALSE,FALSE,EXCEPTION,Date discrepancy,For Investigation
1928832491,1,1,TRUE,TRUE,TRUE,TRUE,TRUE,FALSE,FALSE,MATCHED,,
1928589298,1,1,TRUE,TRUE,TRUE,TRUE,FALSE,FALSE,FALSE,EXCEPTION,Date discrepancy,For Investigation
1930189491,1,1,TRUE,TRUE,TRUE,TRUE,FALSE,FALSE,FALSE,EXCEPTION,Date discrepancy,For Investigation
1930161677,1,1,TRUE,TRUE,TRUE,TRUE,TRUE,FALSE,FALSE,MATCHED,,
1930065578,1,1,TRUE,TRUE,FALSE,TRUE,TRUE,FALSE,FALSE,EXCEPTION,Currency discrepancy,For Investigation
1929443875,1,1,TRUE,TRUE,TRUE,TRUE,FALSE,FALSE,FALSE,EXCEPTION,Date discrepancy,For Investigation
1930138463,1,1,TRUE,TRUE,TRUE,TRUE,TRUE,FALSE,FALSE,MATCHED,,
1928563928,1,1,TRUE,TRUE,TRUE,TRUE,TRUE,FALSE,FALSE,MATCHED,,
1930518799,1,0,FALSE,,,,,FALSE,FALSE,EXCEPTION,Transaction Present in AR Only,For Investigation
1928557628,1,1,TRUE,TRUE,TRUE,TRUE,TRUE,FALSE,FALSE,MATCHED,,
1930402791,1,1,TRUE,TRUE,FALSE,TRUE,FALSE,FALSE,FALSE,EXCEPTION,Currency discrepancy; Date discrepancy,For Investigation
1930180110,1,1,TRUE,TRUE,TRUE,TRUE,FALSE,FALSE,FALSE,EXCEPTION,Date discrepancy,For Investigation
2960568449,1,1,TRUE,TRUE,FALSE,TRUE,FALSE,FALSE,FALSE,EXCEPTION,Currency discrepancy; Date discrepancy,For Investigation
1928723066,1,1,TRUE,TRUE,TRUE,TRUE,FALSE,FALSE,FALSE,EXCEPTION,Date discrepancy,For Investigation
1930206500,1,1,TRUE,TRUE,FALSE,TRUE,TRUE,FALSE,FALSE,EXCEPTION,Currency discrepancy,For Investigation
1929261798,1,1,TRUE,TRUE,FALSE,TRUE,TRUE,FALSE,FALSE,EXCEPTION,Currency discrepancy,For Investigation
1929835007,1,0,FALSE,,,,,FALSE,FALSE,EXCEPTION,Transaction Present in AR Only,For Investigation
1929798043,1,1,TRUE,TRUE,TRUE,TRUE,TRUE,FALSE,FALSE,MATCHED,,
1929115960,1,1,TRUE,TRUE,TRUE,FALSE,FALSE,FALSE,FALSE,EXCEPTION,Customer discrepancy; Date discrepancy,For Investigation
1930119596,1,1,TRUE,TRUE,TRUE,TRUE,TRUE,FALSE,FALSE,MATCHED,,
2960608608,1,1,TRUE,TRUE,TRUE,TRUE,FALSE,FALSE,FALSE,EXCEPTION,Date discrepancy,For Investigation
1930561110,1,0,FALSE,,,,,FALSE,FALSE,EXCEPTION,Transaction Present in AR Only,For Investigation
1929758968,1,1,TRUE,TRUE,TRUE,TRUE,FALSE,FALSE,FALSE,EXCEPTION,Date discrepancy,For Investigation
1930409952,1,1,TRUE,TRUE,TRUE,TRUE,FALSE,FALSE,FALSE,EXCEPTION,Date discrepancy,For Investigation
1929014143,1,1,TRUE,TRUE,TRUE,TRUE,FALSE,FALSE,FALSE,EXCEPTION,Date discrepancy,For Investigation
1930005888,1,1,TRUE,TRUE,TRUE,TRUE,TRUE,FALSE,FALSE,MATCHED,,
1930558561,1,1,TRUE,TRUE,TRUE,TRUE,TRUE,FALSE,FALSE,MATCHED,,
1928826446,1,1,TRUE,TRUE,TRUE,TRUE,TRUE,FALSE,FALSE,MATCHED,,
1928767337,1,0,FALSE,,,,,FALSE,FALSE,EXCEPTION,Transaction Present in AR Only,For Investigation
1929353795,1,1,TRUE,TRUE,TRUE,TRUE,FALSE,FALSE,FALSE,EXCEPTION,Date discrepancy,For Investigation
1990569604,1,1,TRUE,TRUE,TRUE,FALSE,TRUE,FALSE,FALSE,EXCEPTION,Customer discrepancy,For Investigation
1929469933,1,1,TRUE,TRUE,TRUE,FALSE,FALSE,FALSE,FALSE,EXCEPTION,Customer discrepancy; Date discrepancy,For Investigation
1928641177,1,1,TRUE,FALSE,TRUE,TRUE,FALSE,FALSE,FALSE,EXCEPTION,Amount discrepancy; Date discrepancy,For Investigation
1929375608,1,1,TRUE,TRUE,TRUE,TRUE,TRUE,FALSE,FALSE,MATCHED,,
1928856766,1,1,TRUE,TRUE,TRUE,TRUE,TRUE,FALSE,FALSE,MATCHED,,
1929962021,1,0,FALSE,,,,,FALSE,FALSE,EXCEPTION,Transaction Present in AR Only,For Investigation
1929539259,1,1,TRUE,TRUE,TRUE,TRUE,TRUE,FALSE,FALSE,MATCHED,,
1930221142,1,1,TRUE,TRUE,TRUE,TRUE,TRUE,FALSE,FALSE,MATCHED,,
1930395433,1,1,TRUE,TRUE,TRUE,TRUE,TRUE,FALSE,FALSE,MATCHED,,
1929646293,1,1,TRUE,TRUE,TRUE,TRUE,FALSE,FALSE,FALSE,EXCEPTION,Date discrepancy,For Investigation
1929097908,1,1,TRUE,TRUE,TRUE,TRUE,TRUE,FALSE,FALSE,MATCHED,,
2960586300,1,1,TRUE,TRUE,TRUE,TRUE,TRUE,FALSE,FALSE,MATCHED,,
1930134834,1,1,TRUE,TRUE,TRUE,TRUE,TRUE,FALSE,FALSE,MATCHED,,
1929895650,1,1,TRUE,TRUE,TRUE,TRUE,FALSE,FALSE,FALSE,EXCEPTION,Date discrepancy,For Investigation
1930123004,1,0,FALSE,,,,,FALSE,FALSE,EXCEPTION,Transaction Present in AR Only,For Investigation
1929875260,1,1,TRUE,TRUE,TRUE,TRUE,FALSE,FALSE,FALSE,EXCEPTION,Date discrepancy,For Investigation
1929245144,1,2,TRUE,,,,,FALSE,TRUE,EXCEPTION,Duplicate Bank Entry,For Investigation
1929550405,1,1,TRUE,TRUE,TRUE,FALSE,TRUE,FALSE,FALSE,EXCEPTION,Customer discrepancy,For Investigation
2960609615,1,0,FALSE,,,,,FALSE,FALSE,EXCEPTION,Transaction Present in AR Only,For Investigation
1929531442,1,1,TRUE,TRUE,TRUE,TRUE,FALSE,FALSE,FALSE,EXCEPTION,Date discrepancy,For Investigation
1929877030,1,1,TRUE,TRUE,TRUE,TRUE,TRUE,FALSE,FALSE,MATCHED,,
1928883556,1,1,TRUE,TRUE,TRUE,TRUE,TRUE,FALSE,FALSE,MATCHED,,
1928847710,1,1,TRUE,TRUE,TRUE,TRUE,FALSE,FALSE,FALSE,EXCEPTION,Date discrepancy,For Investigation
1930351958,1,1,TRUE,TRUE,TRUE,TRUE,TRUE,FALSE,FALSE,MATCHED,,
1928930004,1,1,TRUE,TRUE,TRUE,TRUE,TRUE,FALSE,FALSE,MATCHED,,
1929580751,1,1,TRUE,TRUE,TRUE,TRUE,FALSE,FALSE,FALSE,EXCEPTION,Date discrepancy,For Investigation
1928636954,1,1,TRUE,TRUE,TRUE,TRUE,TRUE,FALSE,FALSE,MATCHED,,
1929623303,1,1,TRUE,FALSE,TRUE,TRUE,TRUE,FALSE,FALSE,EXCEPTION,Amount discrepancy,For Investigation
1929409607,1,1,TRUE,TRUE,TRUE,TRUE,TRUE,FALSE,FALSE,MATCHED,,
2960577932,1,1,TRUE,TRUE,TRUE,TRUE,FALSE,FALSE,FALSE,EXCEPTION,Date discrepancy,For Investigation
1930090765,1,1,TRUE,TRUE,TRUE,TRUE,FALSE,FALSE,FALSE,EXCEPTION,Date discrepancy,For Investigation
1930552298,1,1,TRUE,TRUE,TRUE,TRUE,FALSE,FALSE,FALSE,EXCEPTION,Date discrepancy,For Investigation
1929422121,1,0,FALSE,,,,,FALSE,FALSE,EXCEPTION,Transaction Present in AR Only,For Investigation
1929995627,1,1,TRUE,TRUE,TRUE,TRUE,FALSE,FALSE,FALSE,EXCEPTION,Date discrepancy,For Investigation
2960586840,1,1,TRUE,TRUE,TRUE,TRUE,TRUE,FALSE,FALSE,MATCHED,,
1930199373,1,1,TRUE,TRUE,TRUE,TRUE,TRUE,FALSE,FALSE,MATCHED,,
1930558928,1,1,TRUE,TRUE,FALSE,TRUE,FALSE,FALSE,FALSE,EXCEPTION,Currency discrepancy; Date discrepancy,For Investigation
1930409070,1,0,FALSE,,,,,FALSE,FALSE,EXCEPTION,Transaction Present in AR Only,For Investigation
1928761693,1,2,TRUE,,,,,FALSE,TRUE,EXCEPTION,Duplicate Bank Entry,For Investigation
1928557698,1,1,TRUE,TRUE,TRUE,TRUE,TRUE,FALSE,FALSE,MATCHED,,
1930548620,1,1,TRUE,TRUE,TRUE,TRUE,TRUE,FALSE,FALSE,MATCHED,,
1928833372,2,1,TRUE,,,,,TRUE,FALSE,EXCEPTION,Duplicate AR Entry,For Investigation
1930421120,1,1,TRUE,TRUE,TRUE,TRUE,FALSE,FALSE,FALSE,EXCEPTION,Date discrepancy,For Investigation
1930168075,1,1,TRUE,TRUE,TRUE,TRUE,FALSE,FALSE,FALSE,EXCEPTION,Date discrepancy,For Investigation
1929247013,1,1,TRUE,TRUE,TRUE,TRUE,TRUE,FALSE,FALSE,MATCHED,,
1929404166,1,1,TRUE,TRUE,FALSE,TRUE,TRUE,FALSE,FALSE,EXCEPTION,Currency discrepancy,For Investigation
1929974149,1,1,TRUE,TRUE,TRUE,TRUE,FALSE,FALSE,FALSE,EXCEPTION,Date discrepancy,For Investigation
1930533961,1,1,TRUE,TRUE,TRUE,FALSE,FALSE,FALSE,FALSE,EXCEPTION,Customer discrepancy; Date discrepancy,For Investigation
1928811224,1,1,TRUE,TRUE,FALSE,TRUE,TRUE,FALSE,FALSE,EXCEPTION,Currency discrepancy,For Investigation
1929232000,1,1,TRUE,TRUE,TRUE,TRUE,FALSE,FALSE,FALSE,EXCEPTION,Date discrepancy,For Investigation
1930185259,1,1,TRUE,TRUE,TRUE,FALSE,FALSE,FALSE,FALSE,EXCEPTION,Customer discrepancy; Date discrepancy,For Investigation
1929888797,1,1,TRUE,TRUE,TRUE,TRUE,TRUE,FALSE,FALSE,MATCHED,,
1929068910,1,1,TRUE,TRUE,TRUE,TRUE,TRUE,FALSE,FALSE,MATCHED,,
1929405779,1,1,TRUE,TRUE,TRUE,TRUE,FALSE,FALSE,FALSE,EXCEPTION,Date discrepancy,For Investigation
1930333851,1,1,TRUE,TRUE,TRUE,TRUE,TRUE,FALSE,FALSE,MATCHED,,
1928598954,1,1,TRUE,TRUE,TRUE,TRUE,FALSE,FALSE,FALSE,EXCEPTION,Date discrepancy,For Investigation
1930504207,1,1,TRUE,TRUE,TRUE,TRUE,FALSE,FALSE,FALSE,EXCEPTION,Date discrepancy,For Investigation
1928937847,1,1,TRUE,TRUE,TRUE,TRUE,FALSE,FALSE,FALSE,EXCEPTION,Date discrepancy,For Investigation
1930356482,1,1,TRUE,TRUE,TRUE,FALSE,TRUE,FALSE,FALSE,EXCEPTION,Customer discrepancy,For Investigation
1929409418,2,1,TRUE,,,,,TRUE,FALSE,EXCEPTION,Duplicate AR Entry,For Investigation
1929433141,1,1,TRUE,TRUE,TRUE,TRUE,TRUE,FALSE,FALSE,MATCHED,,
1930449187,1,1,TRUE,TRUE,TRUE,TRUE,TRUE,FALSE,FALSE,MATCHED,,
1930184366,1,1,TRUE,TRUE,TRUE,TRUE,FALSE,FALSE,FALSE,EXCEPTION,Date discrepancy,For Investigation
1929873792,1,1,TRUE,TRUE,TRUE,TRUE,TRUE,FALSE,FALSE,MATCHED,,
1930200407,1,1,TRUE,TRUE,TRUE,TRUE,TRUE,FALSE,FALSE,MATCHED,,
1929747657,1,1,TRUE,TRUE,TRUE,TRUE,TRUE,FALSE,FALSE,MATCHED,,
1930548869,1,1,TRUE,TRUE,TRUE,FALSE,TRUE,FALSE,FALSE,EXCEPTION,Customer discrepancy,For Investigation
1929048004,1,0,FALSE,,,,,FALSE,FALSE,EXCEPTION,Transaction Present in AR Only,For Investigation
1929258628,1,1,TRUE,TRUE,TRUE,TRUE,FALSE,FALSE,FALSE,EXCEPTION,Date discrepancy,For Investigation
1929692404,1,1,TRUE,TRUE,TRUE,FALSE,TRUE,FALSE,FALSE,EXCEPTION,Customer discrepancy,For Investigation
1929739548,1,1,TRUE,TRUE,TRUE,TRUE,TRUE,FALSE,FALSE,MATCHED,,
1929167812,1,1,TRUE,TRUE,TRUE,TRUE,TRUE,FALSE,FALSE,MATCHED,,
1930383618,1,1,TRUE,TRUE,TRUE,TRUE,TRUE,FALSE,FALSE,MATCHED,,
1929646090,1,1,TRUE,TRUE,TRUE,TRUE,TRUE,FALSE,FALSE,MATCHED,,
1930381454,1,1,TRUE,TRUE,TRUE,TRUE,TRUE,FALSE,FALSE,MATCHED,,
2960542668,1,0,FALSE,,,,,FALSE,FALSE,EXCEPTION,Transaction Present in AR Only,For Investigation
1930198287,1,1,TRUE,FALSE,TRUE,TRUE,TRUE,FALSE,FALSE,EXCEPTION,Amount discrepancy,For Investigation
1930533440,1,1,TRUE,TRUE,TRUE,TRUE,TRUE,FALSE,FALSE,MATCHED,,
1930403236,1,1,TRUE,TRUE,TRUE,TRUE,FALSE,FALSE,FALSE,EXCEPTION,Date discrepancy,For Investigation
1929827723,1,1,TRUE,TRUE,TRUE,TRUE,TRUE,FALSE,FALSE,MATCHED,,
1929790302,1,1,TRUE,TRUE,TRUE,TRUE,FALSE,FALSE,FALSE,EXCEPTION,Date discrepancy,For Investigation
1929581358,1,1,TRUE,TRUE,TRUE,TRUE,FALSE,FALSE,FALSE,EXCEPTION,Date discrepancy,For Investigation
1930495082,1,1,TRUE,TRUE,TRUE,TRUE,TRUE,FALSE,FALSE,MATCHED,,
1929655326,1,1,TRUE,TRUE,TRUE,FALSE,FALSE,FALSE,FALSE,EXCEPTION,Customer discrepancy; Date discrepancy,For Investigation
1928829849,1,1,TRUE,TRUE,TRUE,TRUE,TRUE,FALSE,FALSE,MATCHED,,
1930289389,1,0,FALSE,,,,,FALSE,FALSE,EXCEPTION,Transaction Present in AR Only,For Investigation
2960546054,1,1,TRUE,TRUE,TRUE,TRUE,TRUE,FALSE,FALSE,MATCHED,,
1928857943,1,1,TRUE,TRUE,TRUE,FALSE,FALSE,FALSE,FALSE,EXCEPTION,Customer discrepancy; Date discrepancy,For Investigation
1929377516,1,1,TRUE,TRUE,TRUE,TRUE,TRUE,FALSE,FALSE,MATCHED,,
1928647046,1,1,TRUE,TRUE,TRUE,TRUE,TRUE,FALSE,FALSE,MATCHED,,
2960539642,1,1,TRUE,TRUE,TRUE,TRUE,FALSE,FALSE,FALSE,EXCEPTION,Date discrepancy,For Investigation
1929908965,1,1,TRUE,TRUE,TRUE,TRUE,TRUE,FALSE,FALSE,MATCHED,,
1930421192,1,1,TRUE,TRUE,TRUE,TRUE,TRUE,FALSE,FALSE,MATCHED,,
1928796477,1,1,TRUE,TRUE,TRUE,TRUE,FALSE,FALSE,FALSE,EXCEPTION,Date discrepancy,For Investigation
1929502250,1,1,TRUE,TRUE,TRUE,TRUE,TRUE,FALSE,FALSE,MATCHED,,
1929656883,1,1,TRUE,TRUE,TRUE,TRUE,FALSE,FALSE,FALSE,EXCEPTION,Date discrepancy,For Investigation
1929313790,1,1,TRUE,TRUE,FALSE,TRUE,FALSE,FALSE,FALSE,EXCEPTION,Currency discrepancy; Date discrepancy,For Investigation
1930330561,1,1,TRUE,TRUE,TRUE,TRUE,TRUE,FALSE,FALSE,MATCHED,,
1929278392,1,1,TRUE,TRUE,TRUE,TRUE,FALSE,FALSE,FALSE,EXCEPTION,Date discrepancy,For Investigation
1929198389,1,1,TRUE,TRUE,TRUE,TRUE,FALSE,FALSE,FALSE,EXCEPTION,Date discrepancy,For Investigation
1929612128,1,1,TRUE,TRUE,TRUE,TRUE,TRUE,FALSE,FALSE,MATCHED,,
1930137771,1,1,TRUE,TRUE,TRUE,TRUE,FALSE,FALSE,FALSE,EXCEPTION,Date discrepancy,For Investigation
1930379527,1,1,TRUE,TRUE,TRUE,TRUE,TRUE,FALSE,FALSE,MATCHED,,
1930087704,1,1,TRUE,TRUE,TRUE,TRUE,FALSE,FALSE,FALSE,EXCEPTION,Date discrepancy,For Investigation
1929902048,1,1,TRUE,TRUE,TRUE,FALSE,FALSE,FALSE,FALSE,EXCEPTION,Customer discrepancy; Date discrepancy,For Investigation
1991831810,1,1,TRUE,TRUE,TRUE,TRUE,TRUE,FALSE,FALSE,MATCHED,,
1929880666,1,1,TRUE,TRUE,TRUE,TRUE,FALSE,FALSE,FALSE,EXCEPTION,Date discrepancy,For Investigation
1929332180,1,1,TRUE,TRUE,TRUE,FALSE,FALSE,FALSE,FALSE,EXCEPTION,Customer discrepancy; Date discrepancy,For Investigation
1928859860,1,1,TRUE,FALSE,TRUE,TRUE,TRUE,FALSE,FALSE,EXCEPTION,Amount discrepancy,For Investigation
1929756897,1,1,TRUE,FALSE,TRUE,TRUE,FALSE,FALSE,FALSE,EXCEPTION,Amount discrepancy; Date discrepancy,For Investigation
1930341045,1,1,TRUE,TRUE,TRUE,TRUE,TRUE,FALSE,FALSE,MATCHED,,
1928907634,1,1,TRUE,TRUE,TRUE,TRUE,TRUE,FALSE,FALSE,MATCHED,,
2960526728,1,1,TRUE,FALSE,TRUE,TRUE,TRUE,FALSE,FALSE,EXCEPTION,Amount discrepancy,For Investigation
1930438491,1,1,TRUE,TRUE,TRUE,TRUE,FALSE,FALSE,FALSE,EXCEPTION,Date discrepancy,For Investigation
1929201951,1,1,TRUE,TRUE,TRUE,TRUE,TRUE,FALSE,FALSE,MATCHED,,
1929048098,1,1,TRUE,TRUE,TRUE,TRUE,TRUE,FALSE,FALSE,MATCHED,,
1928956892,1,2,TRUE,,,,,FALSE,TRUE,EXCEPTION,Duplicate Bank Entry,For Investigation
1929485495,1,1,TRUE,TRUE,TRUE,TRUE,TRUE,FALSE,FALSE,MATCHED,,
1930355415,1,1,TRUE,TRUE,TRUE,TRUE,TRUE,FALSE,FALSE,MATCHED,,
1930220197,1,1,TRUE,TRUE,TRUE,TRUE,FALSE,FALSE,FALSE,EXCEPTION,Date discrepancy,For Investigation
1929093194,1,1,TRUE,TRUE,TRUE,TRUE,TRUE,FALSE,FALSE,MATCHED,,
1930098321,1,1,TRUE,TRUE,TRUE,TRUE,TRUE,FALSE,FALSE,MATCHED,,
1929372028,1,1,TRUE,TRUE,TRUE,TRUE,FALSE,FALSE,FALSE,EXCEPTION,Date discrepancy,For Investigation
1928646201,1,1,TRUE,TRUE,TRUE,FALSE,FALSE,FALSE,FALSE,EXCEPTION,Customer discrepancy; Date discrepancy,For Investigation
1929234317,1,1,TRUE,TRUE,TRUE,TRUE,FALSE,FALSE,FALSE,EXCEPTION,Date discrepancy,For Investigation
1930198797,1,1,TRUE,TRUE,FALSE,TRUE,FALSE,FALSE,FALSE,EXCEPTION,Currency discrepancy; Date discrepancy,For Investigation
1928833352,1,1,TRUE,TRUE,TRUE,TRUE,FALSE,FALSE,FALSE,EXCEPTION,Date discrepancy,For Investigation
1929617653,1,1,TRUE,TRUE,TRUE,TRUE,TRUE,FALSE,FALSE,MATCHED,,
1928710230,1,1,TRUE,TRUE,TRUE,TRUE,FALSE,FALSE,FALSE,EXCEPTION,Date discrepancy,For Investigation
1929541078,1,1,TRUE,TRUE,TRUE,TRUE,FALSE,FALSE,FALSE,EXCEPTION,Date discrepancy,For Investigation
1929251151,1,0,FALSE,,,,,FALSE,FALSE,EXCEPTION,Transaction Present in AR Only,For Investigation
1929311288,1,1,TRUE,TRUE,TRUE,TRUE,FALSE,FALSE,FALSE,EXCEPTION,Date discrepancy,For Investigation
1929060484,1,1,TRUE,TRUE,TRUE,TRUE,FALSE,FALSE,FALSE,EXCEPTION,Date discrepancy,For Investigation
1929180237,1,2,TRUE,,,,,FALSE,TRUE,EXCEPTION,Duplicate Bank Entry,For Investigation
2960548246,1,1,TRUE,TRUE,TRUE,TRUE,TRUE,FALSE,FALSE,MATCHED,,
1930475136,1,1,TRUE,TRUE,TRUE,TRUE,TRUE,FALSE,FALSE,MATCHED,,
1929578803,1,1,TRUE,TRUE,TRUE,TRUE,TRUE,FALSE,FALSE,MATCHED,,
1930533380,1,2,TRUE,,,,,FALSE,TRUE,EXCEPTION,Duplicate Bank Entry,For Investigation
2960535775,1,1,TRUE,TRUE,TRUE,TRUE,TRUE,FALSE,FALSE,MATCHED,,
1930432069,1,1,TRUE,TRUE,TRUE,TRUE,FALSE,FALSE,FALSE,EXCEPTION,Date discrepancy,For Investigation
1929181102,1,1,TRUE,TRUE,TRUE,TRUE,FALSE,FALSE,FALSE,EXCEPTION,Date discrepancy,For Investigation
1929577868,1,1,TRUE,TRUE,TRUE,TRUE,FALSE,FALSE,FALSE,EXCEPTION,Date discrepancy,For Investigation
1929077254,1,1,TRUE,TRUE,TRUE,TRUE,FALSE,FALSE,FALSE,EXCEPTION,Date discrepancy,For Investigation
2960605350,1,1,TRUE,TRUE,TRUE,TRUE,FALSE,FALSE,FALSE,EXCEPTION,Date discrepancy,For Investigation
1928624205,1,1,TRUE,TRUE,TRUE,TRUE,FALSE,FALSE,FALSE,EXCEPTION,Date discrepancy,For Investigation
1929530685,1,1,TRUE,TRUE,TRUE,TRUE,FALSE,FALSE,FALSE,EXCEPTION,Date discrepancy,For Investigation
1929882368,1,1,TRUE,TRUE,TRUE,TRUE,FALSE,FALSE,FALSE,EXCEPTION,Date discrepancy,For Investigation
1928696762,1,1,TRUE,TRUE,TRUE,TRUE,TRUE,FALSE,FALSE,MATCHED,,
2960521924,1,2,TRUE,,,,,FALSE,TRUE,EXCEPTION,Duplicate Bank Entry,For Investigation
1929257212,1,1,TRUE,TRUE,TRUE,TRUE,FALSE,FALSE,FALSE,EXCEPTION,Date discrepancy,For Investigation
1930554126,1,1,TRUE,TRUE,TRUE,TRUE,FALSE,FALSE,FALSE,EXCEPTION,Date discrepancy,For Investigation
1929608943,1,1,TRUE,TRUE,TRUE,TRUE,TRUE,FALSE,FALSE,MATCHED,,
1930458093,1,1,TRUE,TRUE,TRUE,TRUE,TRUE,FALSE,FALSE,MATCHED,,
1929796458,2,1,TRUE,,,,,TRUE,FALSE,EXCEPTION,Duplicate AR Entry,For Investigation
1929099492,1,1,TRUE,TRUE,TRUE,TRUE,TRUE,FALSE,FALSE,MATCHED,,
1930562012,1,1,TRUE,TRUE,TRUE,TRUE,FALSE,FALSE,FALSE,EXCEPTION,Date discrepancy,For Investigation
1929131506,1,1,TRUE,TRUE,FALSE,TRUE,TRUE,FALSE,FALSE,EXCEPTION,Currency discrepancy,For Investigation
1929459217,1,0,FALSE,,,,,FALSE,FALSE,EXCEPTION,Transaction Present in AR Only,For Investigation
1929814552,1,1,TRUE,TRUE,TRUE,FALSE,TRUE,FALSE,FALSE,EXCEPTION,Customer discrepancy,For Investigation
1929788214,1,1,TRUE,TRUE,TRUE,TRUE,FALSE,FALSE,FALSE,EXCEPTION,Date discrepancy,For Investigation
1928923023,1,1,TRUE,TRUE,TRUE,FALSE,FALSE,FALSE,FALSE,EXCEPTION,Customer discrepancy; Date discrepancy,For Investigation
1930544314,1,1,TRUE,TRUE,TRUE,TRUE,FALSE,FALSE,FALSE,EXCEPTION,Date discrepancy,For Investigation
2960588404,1,1,TRUE,TRUE,TRUE,TRUE,TRUE,FALSE,FALSE,MATCHED,,
1929034963,1,1,TRUE,TRUE,TRUE,TRUE,FALSE,FALSE,FALSE,EXCEPTION,Date discrepancy,For Investigation
1929792393,1,1,TRUE,TRUE,TRUE,TRUE,TRUE,FALSE,FALSE,MATCHED,,
1930134583,1,1,TRUE,TRUE,TRUE,TRUE,FALSE,FALSE,FALSE,EXCEPTION,Date discrepancy,For Investigation
1929403019,1,0,FALSE,,,,,FALSE,FALSE,EXCEPTION,Transaction Present in AR Only,For Investigation
1929471079,1,1,TRUE,TRUE,TRUE,FALSE,FALSE,FALSE,FALSE,EXCEPTION,Customer discrepancy; Date discrepancy,For Investigation
1928692629,1,1,TRUE,TRUE,TRUE,TRUE,FALSE,FALSE,FALSE,EXCEPTION,Date discrepancy,For Investigation
1929802457,1,2,TRUE,,,,,FALSE,TRUE,EXCEPTION,Duplicate Bank Entry,For Investigation
1930516456,2,1,TRUE,,,,,TRUE,FALSE,EXCEPTION,Duplicate AR Entry,For Investigation
2960560933,1,1,TRUE,TRUE,FALSE,TRUE,FALSE,FALSE,FALSE,EXCEPTION,Currency discrepancy; Date discrepancy,For Investigation
1929490553,1,1,TRUE,TRUE,TRUE,TRUE,FALSE,FALSE,FALSE,EXCEPTION,Date discrepancy,For Investigation
1928970023,1,1,TRUE,TRUE,FALSE,TRUE,FALSE,FALSE,FALSE,EXCEPTION,Currency discrepancy; Date discrepancy,For Investigation
1929822876,1,1,TRUE,TRUE,TRUE,TRUE,FALSE,FALSE,FALSE,EXCEPTION,Date discrepancy,For Investigation
1930098949,1,1,TRUE,TRUE,TRUE,TRUE,FALSE,FALSE,FALSE,EXCEPTION,Date discrepancy,For Investigation
1928552388,1,1,TRUE,TRUE,TRUE,TRUE,FALSE,FALSE,FALSE,EXCEPTION,Date discrepancy,For Investigation
1930490052,1,2,TRUE,,,,,FALSE,TRUE,EXCEPTION,Duplicate Bank Entry,For Investigation
1928866808,1,1,TRUE,TRUE,TRUE,TRUE,FALSE,FALSE,FALSE,EXCEPTION,Date discrepancy,For Investigation
1929589355,1,1,TRUE,TRUE,TRUE,FALSE,FALSE,FALSE,FALSE,EXCEPTION,Customer discrepancy; Date discrepancy,For Investigation
1929013646,1,1,TRUE,TRUE,TRUE,TRUE,FALSE,FALSE,FALSE,EXCEPTION,Date discrepancy,For Investigation
1930252063,1,1,TRUE,TRUE,FALSE,TRUE,FALSE,FALSE,FALSE,EXCEPTION,Currency discrepancy; Date discrepancy,For Investigation
1929690367,1,1,TRUE,TRUE,TRUE,TRUE,TRUE,FALSE,FALSE,MATCHED,,
1929038275,1,1,TRUE,TRUE,FALSE,TRUE,FALSE,FALSE,FALSE,EXCEPTION,Currency discrepancy; Date discrepancy,For Investigation
1928606833,1,1,TRUE,TRUE,TRUE,TRUE,FALSE,FALSE,FALSE,EXCEPTION,Date discrepancy,For Investigation
1929738491,1,1,TRUE,TRUE,TRUE,TRUE,FALSE,FALSE,FALSE,EXCEPTION,Date discrepancy,For Investigation
1929768701,1,1,TRUE,TRUE,TRUE,TRUE,FALSE,FALSE,FALSE,EXCEPTION,Date discrepancy,For Investigation
1930192483,1,1,TRUE,TRUE,FALSE,TRUE,TRUE,FALSE,FALSE,EXCEPTION,Currency discrepancy,For Investigation
1929159337,1,2,TRUE,,,,,FALSE,TRUE,EXCEPTION,Duplicate Bank Entry,For Investigation
1929196894,1,1,TRUE,TRUE,TRUE,TRUE,TRUE,FALSE,FALSE,MATCHED,,
1930174110,1,1,TRUE,TRUE,TRUE,TRUE,FALSE,FALSE,FALSE,EXCEPTION,Date discrepancy,For Investigation
1930137713,1,1,TRUE,TRUE,TRUE,TRUE,TRUE,FALSE,FALSE,MATCHED,,
1929608919,1,1,TRUE,TRUE,TRUE,TRUE,TRUE,FALSE,FALSE,MATCHED,,
1929173372,1,1,TRUE,TRUE,FALSE,TRUE,FALSE,FALSE,FALSE,EXCEPTION,Currency discrepancy; Date discrepancy,For Investigation
1929488270,1,1,TRUE,TRUE,TRUE,TRUE,TRUE,FALSE,FALSE,MATCHED,,
1929108431,1,1,TRUE,TRUE,TRUE,TRUE,FALSE,FALSE,FALSE,EXCEPTION,Date discrepancy,For Investigation
1928544229,1,1,TRUE,TRUE,TRUE,TRUE,TRUE,FALSE,FALSE,MATCHED,,
1929228184,1,1,TRUE,TRUE,TRUE,TRUE,FALSE,FALSE,FALSE,EXCEPTION,Date discrepancy,For Investigation
1928608417,1,1,TRUE,TRUE,FALSE,TRUE,TRUE,FALSE,FALSE,EXCEPTION,Currency discrepancy,For Investigation
1930264228,1,1,TRUE,TRUE,FALSE,TRUE,FALSE,FALSE,FALSE,EXCEPTION,Currency discrepancy; Date discrepancy,For Investigation
1929191744,1,1,TRUE,TRUE,TRUE,FALSE,TRUE,FALSE,FALSE,EXCEPTION,Customer discrepancy,For Investigation
1930025468,1,1,TRUE,TRUE,TRUE,TRUE,FALSE,FALSE,FALSE,EXCEPTION,Date discrepancy,For Investigation
2960521086,1,1,TRUE,TRUE,TRUE,TRUE,TRUE,FALSE,FALSE,MATCHED,,
1930001548,1,1,TRUE,TRUE,TRUE,TRUE,TRUE,FALSE,FALSE,MATCHED,,
2960575513,1,1,TRUE,FALSE,TRUE,TRUE,FALSE,FALSE,FALSE,EXCEPTION,Amount discrepancy; Date discrepancy,For Investigation
1930401153,1,1,TRUE,TRUE,TRUE,TRUE,TRUE,FALSE,FALSE,MATCHED,,
2960561678,1,1,TRUE,TRUE,TRUE,TRUE,TRUE,FALSE,FALSE,MATCHED,,
1929910073,1,2,TRUE,,,,,FALSE,TRUE,EXCEPTION,Duplicate Bank Entry,For Investigation
1930331177,1,1,TRUE,TRUE,FALSE,TRUE,TRUE,FALSE,FALSE,EXCEPTION,Currency discrepancy,For Investigation
1929019159,1,1,TRUE,TRUE,TRUE,TRUE,TRUE,FALSE,FALSE,MATCHED,,
1928766717,2,1,TRUE,,,,,TRUE,FALSE,EXCEPTION,Duplicate AR Entry,For Investigation
1929276198,1,1,TRUE,TRUE,FALSE,TRUE,TRUE,FALSE,FALSE,EXCEPTION,Currency discrepancy,For Investigation
1929277505,1,1,TRUE,TRUE,TRUE,TRUE,TRUE,FALSE,FALSE,MATCHED,,
1930229623,1,1,TRUE,TRUE,FALSE,TRUE,FALSE,FALSE,FALSE,EXCEPTION,Currency discrepancy; Date discrepancy,For Investigation
1928748750,1,1,TRUE,TRUE,TRUE,TRUE,FALSE,FALSE,FALSE,EXCEPTION,Date discrepancy,For Investigation
1930054022,1,1,TRUE,FALSE,TRUE,TRUE,TRUE,FALSE,FALSE,EXCEPTION,Amount discrepancy,For Investigation
1929418539,1,1,TRUE,TRUE,FALSE,TRUE,FALSE,FALSE,FALSE,EXCEPTION,Currency discrepancy; Date discrepancy,For Investigation
1929661345,1,1,TRUE,TRUE,TRUE,TRUE,FALSE,FALSE,FALSE,EXCEPTION,Date discrepancy,For Investigation
1929672177,1,2,TRUE,,,,,FALSE,TRUE,EXCEPTION,Duplicate Bank Entry,For Investigation
1991827591,1,1,TRUE,TRUE,TRUE,TRUE,FALSE,FALSE,FALSE,EXCEPTION,Date discrepancy,For Investigation
1929908167,1,1,TRUE,TRUE,TRUE,TRUE,TRUE,FALSE,FALSE,MATCHED,,
1929404729,1,1,TRUE,FALSE,TRUE,TRUE,TRUE,FALSE,FALSE,EXCEPTION,Amount discrepancy,For Investigation
1929113015,1,1,TRUE,FALSE,TRUE,TRUE,TRUE,FALSE,FALSE,EXCEPTION,Amount discrepancy,For Investigation
1929331380,1,1,TRUE,TRUE,TRUE,FALSE,FALSE,FALSE,FALSE,EXCEPTION,Customer discrepancy; Date discrepancy,For Investigation
1929811235,1,1,TRUE,TRUE,TRUE,TRUE,FALSE,FALSE,FALSE,EXCEPTION,Date discrepancy,For Investigation
1930205320,1,1,TRUE,TRUE,TRUE,TRUE,FALSE,FALSE,FALSE,EXCEPTION,Date discrepancy,For Investigation
1929713983,1,1,TRUE,TRUE,TRUE,TRUE,FALSE,FALSE,FALSE,EXCEPTION,Date discrepancy,For Investigation
1928881972,1,1,TRUE,TRUE,TRUE,TRUE,TRUE,FALSE,FALSE,MATCHED,,
1929169147,1,1,TRUE,FALSE,TRUE,TRUE,TRUE,FALSE,FALSE,EXCEPTION,Amount discrepancy,For Investigation
1929359251,1,0,FALSE,,,,,FALSE,FALSE,EXCEPTION,Transaction Present in AR Only,For Investigation
2960579628,1,1,TRUE,TRUE,TRUE,TRUE,TRUE,FALSE,FALSE,MATCHED,,
1929488837,1,0,FALSE,,,,,FALSE,FALSE,EXCEPTION,Transaction Present in AR Only,For Investigation
1928739147,1,1,TRUE,TRUE,TRUE,TRUE,TRUE,FALSE,FALSE,MATCHED,,
1928972384,1,1,TRUE,TRUE,TRUE,TRUE,TRUE,FALSE,FALSE,MATCHED,,
1929116468,1,0,FALSE,,,,,FALSE,FALSE,EXCEPTION,Transaction Present in AR Only,For Investigation
1928661733,1,1,TRUE,TRUE,TRUE,TRUE,TRUE,FALSE,FALSE,MATCHED,,
1930189082,1,1,TRUE,TRUE,TRUE,TRUE,TRUE,FALSE,FALSE,MATCHED,,
1928798073,1,1,TRUE,FALSE,TRUE,TRUE,FALSE,FALSE,FALSE,EXCEPTION,Amount discrepancy; Date discrepancy,For Investigation
1929872613,1,1,TRUE,TRUE,TRUE,FALSE,TRUE,FALSE,FALSE,EXCEPTION,Customer discrepancy,For Investigation
1928798541,1,1,TRUE,FALSE,TRUE,TRUE,TRUE,FALSE,FALSE,EXCEPTION,Amount discrepancy,For Investigation
1929520699,1,1,TRUE,TRUE,TRUE,TRUE,FALSE,FALSE,FALSE,EXCEPTION,Date discrepancy,For Investigation
1930007054,1,1,TRUE,TRUE,TRUE,TRUE,TRUE,FALSE,FALSE,MATCHED,,
1930495237,1,1,TRUE,TRUE,TRUE,TRUE,TRUE,FALSE,FALSE,MATCHED,,
1930356785,1,1,TRUE,TRUE,TRUE,TRUE,TRUE,FALSE,FALSE,MATCHED,,
1990568228,1,1,TRUE,FALSE,TRUE,TRUE,TRUE,FALSE,FALSE,EXCEPTION,Amount discrepancy,For Investigation
1930129023,1,2,TRUE,,,,,FALSE,TRUE,EXCEPTION,Duplicate Bank Entry,For Investigation
1928957721,1,1,TRUE,TRUE,FALSE,TRUE,TRUE,FALSE,FALSE,EXCEPTION,Currency discrepancy,For Investigation
1929193208,1,1,TRUE,TRUE,FALSE,TRUE,FALSE,FALSE,FALSE,EXCEPTION,Currency discrepancy; Date discrepancy,For Investigation
1929413311,1,1,TRUE,TRUE,TRUE,TRUE,FALSE,FALSE,FALSE,EXCEPTION,Date discrepancy,For Investigation
1928759887,1,1,TRUE,TRUE,TRUE,TRUE,FALSE,FALSE,FALSE,EXCEPTION,Date discrepancy,For Investigation
1930408924,1,1,TRUE,TRUE,TRUE,TRUE,FALSE,FALSE,FALSE,EXCEPTION,Date discrepancy,For Investigation
1929789431,1,0,FALSE,,,,,FALSE,FALSE,EXCEPTION,Transaction Present in AR Only,For Investigation
1929494820,1,1,TRUE,TRUE,TRUE,TRUE,FALSE,FALSE,FALSE,EXCEPTION,Date discrepancy,For Investigation
1929823312,1,1,TRUE,TRUE,TRUE,TRUE,FALSE,FALSE,FALSE,EXCEPTION,Date discrepancy,For Investigation
1928889750,1,1,TRUE,TRUE,TRUE,TRUE,TRUE,FALSE,FALSE,MATCHED,,
1929232288,1,1,TRUE,TRUE,TRUE,TRUE,FALSE,FALSE,FALSE,EXCEPTION,Date discrepancy,For Investigation
1929516389,1,1,TRUE,FALSE,TRUE,TRUE,FALSE,FALSE,FALSE,EXCEPTION,Amount discrepancy; Date discrepancy,For Investigation
1930029466,1,1,TRUE,TRUE,TRUE,TRUE,TRUE,FALSE,FALSE,MATCHED,,
1929212111,1,1,TRUE,TRUE,FALSE,TRUE,FALSE,FALSE,FALSE,EXCEPTION,Currency discrepancy; Date discrepancy,For Investigation
1930077085,1,1,TRUE,TRUE,TRUE,TRUE,FALSE,FALSE,FALSE,EXCEPTION,Date discrepancy,For Investigation
1930356555,2,1,TRUE,,,,,TRUE,FALSE,EXCEPTION,Duplicate AR Entry,For Investigation
1929113673,1,1,TRUE,TRUE,TRUE,TRUE,FALSE,FALSE,FALSE,EXCEPTION,Date discrepancy,For Investigation
2960609059,1,1,TRUE,TRUE,TRUE,TRUE,TRUE,FALSE,FALSE,MATCHED,,
1930040335,1,1,TRUE,TRUE,TRUE,TRUE,FALSE,FALSE,FALSE,EXCEPTION,Date discrepancy,For Investigation
1929007346,1,1,TRUE,TRUE,TRUE,TRUE,FALSE,FALSE,FALSE,EXCEPTION,Date discrepancy,For Investigation
1929073919,1,1,TRUE,TRUE,TRUE,TRUE,TRUE,FALSE,FALSE,MATCHED,,
1928954468,1,1,TRUE,TRUE,TRUE,TRUE,FALSE,FALSE,FALSE,EXCEPTION,Date discrepancy,For Investigation
1929779417,1,0,FALSE,,,,,FALSE,FALSE,EXCEPTION,Transaction Present in AR Only,For Investigation
1929640749,1,1,TRUE,TRUE,FALSE,TRUE,TRUE,FALSE,FALSE,EXCEPTION,Currency discrepancy,For Investigation
1930184757,1,1,TRUE,TRUE,TRUE,TRUE,TRUE,FALSE,FALSE,MATCHED,,
1928974640,1,1,TRUE,TRUE,FALSE,TRUE,TRUE,FALSE,FALSE,EXCEPTION,Currency discrepancy,For Investigation
1928697226,1,1,TRUE,TRUE,TRUE,TRUE,TRUE,FALSE,FALSE,MATCHED,,
1930040277,1,1,TRUE,TRUE,TRUE,TRUE,FALSE,FALSE,FALSE,EXCEPTION,Date discrepancy,For Investigation
1929272975,1,0,FALSE,,,,,FALSE,FALSE,EXCEPTION,Transaction Present in AR Only,For Investigation
1929737978,1,1,TRUE,TRUE,TRUE,TRUE,TRUE,FALSE,FALSE,MATCHED,,
1991832809,1,1,TRUE,TRUE,FALSE,TRUE,FALSE,FALSE,FALSE,EXCEPTION,Currency discrepancy; Date discrepancy,For Investigation
1929538297,1,1,TRUE,TRUE,TRUE,FALSE,TRUE,FALSE,FALSE,EXCEPTION,Customer discrepancy,For Investigation
1930078038,1,1,TRUE,TRUE,TRUE,TRUE,FALSE,FALSE,FALSE,EXCEPTION,Date discrepancy,For Investigation
1929976867,1,1,TRUE,TRUE,TRUE,TRUE,TRUE,FALSE,FALSE,MATCHED,,
1930135532,1,1,TRUE,FALSE,TRUE,TRUE,FALSE,FALSE,FALSE,EXCEPTION,Amount discrepancy; Date discrepancy,For Investigation
1929459264,1,1,TRUE,TRUE,TRUE,TRUE,FALSE,FALSE,FALSE,EXCEPTION,Date discrepancy,For Investigation
1929818088,1,1,TRUE,TRUE,TRUE,TRUE,TRUE,FALSE,FALSE,MATCHED,,
1930248325,1,1,TRUE,TRUE,TRUE,TRUE,FALSE,FALSE,FALSE,EXCEPTION,Date discrepancy,For Investigation
1930023185,1,1,TRUE,TRUE,TRUE,TRUE,FALSE,FALSE,FALSE,EXCEPTION,Date discrepancy,For Investigation
1929009642,1,1,TRUE,TRUE,TRUE,TRUE,FALSE,FALSE,FALSE,EXCEPTION,Date discrepancy,For Investigation
1929928480,1,1,TRUE,TRUE,TRUE,TRUE,FALSE,FALSE,FALSE,EXCEPTION,Date discrepancy,For Investigation
1929871622,1,1,TRUE,TRUE,TRUE,FALSE,TRUE,FALSE,FALSE,EXCEPTION,Customer discrepancy,For Investigation
1930444083,1,1,TRUE,TRUE,TRUE,TRUE,TRUE,FALSE,FALSE,MATCHED,,
1929821734,1,1,TRUE,TRUE,TRUE,TRUE,FALSE,FALSE,FALSE,EXCEPTION,Date discrepancy,For Investigation
1928707156,1,1,TRUE,TRUE,TRUE,TRUE,TRUE,FALSE,FALSE,MATCHED,,
1929014401,1,1,TRUE,TRUE,TRUE,TRUE,FALSE,FALSE,FALSE,EXCEPTION,Date discrepancy,For Investigation
1929139118,1,1,TRUE,FALSE,TRUE,TRUE,FALSE,FALSE,FALSE,EXCEPTION,Amount discrepancy; Date discrepancy,For Investigation
1930122845,1,1,TRUE,TRUE,TRUE,TRUE,FALSE,FALSE,FALSE,EXCEPTION,Date discrepancy,For Investigation
2960557701,1,1,TRUE,TRUE,TRUE,TRUE,TRUE,FALSE,FALSE,MATCHED,,
1929891026,1,2,TRUE,,,,,FALSE,TRUE,EXCEPTION,Duplicate Bank Entry,For Investigation
1929744232,1,1,TRUE,TRUE,TRUE,TRUE,FALSE,FALSE,FALSE,EXCEPTION,Date discrepancy,For Investigation
1929407293,1,1,TRUE,TRUE,TRUE,TRUE,TRUE,FALSE,FALSE,MATCHED,,
1929836807,1,1,TRUE,FALSE,TRUE,TRUE,TRUE,FALSE,FALSE,EXCEPTION,Amount discrepancy,For Investigation
1930425953,1,1,TRUE,TRUE,TRUE,FALSE,FALSE,FALSE,FALSE,EXCEPTION,Customer discrepancy; Date discrepancy,For Investigation
1929510797,1,1,TRUE,TRUE,TRUE,TRUE,TRUE,FALSE,FALSE,MATCHED,,
1929417376,1,1,TRUE,TRUE,TRUE,TRUE,TRUE,FALSE,FALSE,MATCHED,,
1929950639,1,1,TRUE,TRUE,TRUE,TRUE,TRUE,FALSE,FALSE,MATCHED,,
1928594897,1,1,TRUE,TRUE,TRUE,TRUE,TRUE,FALSE,FALSE,MATCHED,,
1930391181,1,0,FALSE,,,,,FALSE,FALSE,EXCEPTION,Transaction Present in AR Only,For Investigation
1929953044,1,2,TRUE,,,,,FALSE,TRUE,EXCEPTION,Duplicate Bank Entry,For Investigation
1929755336,1,1,TRUE,TRUE,TRUE,TRUE,FALSE,FALSE,FALSE,EXCEPTION,Date discrepancy,For Investigation
1930420907,1,1,TRUE,TRUE,TRUE,TRUE,FALSE,FALSE,FALSE,EXCEPTION,Date discrepancy,For Investigation
1929523280,1,1,TRUE,TRUE,FALSE,TRUE,FALSE,FALSE,FALSE,EXCEPTION,Currency discrepancy; Date discrepancy,For Investigation
1930508045,1,1,TRUE,TRUE,TRUE,TRUE,FALSE,FALSE,FALSE,EXCEPTION,Date discrepancy,For Investigation
1929036417,1,0,FALSE,,,,,FALSE,FALSE,EXCEPTION,Transaction Present in AR Only,For Investigation
1928626318,1,1,TRUE,TRUE,TRUE,TRUE,FALSE,FALSE,FALSE,EXCEPTION,Date discrepancy,For Investigation
1929159063,1,1,TRUE,TRUE,TRUE,TRUE,TRUE,FALSE,FALSE,MATCHED,,
1930047265,1,1,TRUE,TRUE,TRUE,TRUE,FALSE,FALSE,FALSE,EXCEPTION,Date discrepancy,For Investigation
1929528140,1,1,TRUE,TRUE,TRUE,TRUE,FALSE,FALSE,FALSE,EXCEPTION,Date discrepancy,For Investigation
1929243773,1,1,TRUE,TRUE,TRUE,TRUE,TRUE,FALSE,FALSE,MATCHED,,
1930021972,1,1,TRUE,TRUE,TRUE,TRUE,TRUE,FALSE,FALSE,MATCHED,,
2960522064,1,1,TRUE,TRUE,TRUE,TRUE,TRUE,FALSE,FALSE,MATCHED,,
1928860971,1,1,TRUE,TRUE,TRUE,TRUE,FALSE,FALSE,FALSE,EXCEPTION,Date discrepancy,For Investigation
1928648460,1,1,TRUE,TRUE,TRUE,TRUE,TRUE,FALSE,FALSE,MATCHED,,
1928619194,1,1,TRUE,TRUE,TRUE,TRUE,TRUE,FALSE,FALSE,MATCHED,,
1929990827,1,1,TRUE,FALSE,TRUE,TRUE,TRUE,FALSE,FALSE,EXCEPTION,Amount discrepancy,For Investigation
1929496207,1,1,TRUE,TRUE,TRUE,TRUE,TRUE,FALSE,FALSE,MATCHED,,
1929048096,1,1,TRUE,TRUE,TRUE,TRUE,FALSE,FALSE,FALSE,EXCEPTION,Date discrepancy,For Investigation
1929578875,1,1,TRUE,TRUE,TRUE,FALSE,TRUE,FALSE,FALSE,EXCEPTION,Customer discrepancy,For Investigation
1930353346,1,1,TRUE,TRUE,TRUE,TRUE,FALSE,FALSE,FALSE,EXCEPTION,Date discrepancy,For Investigation
1929855519,1,0,FALSE,,,,,FALSE,FALSE,EXCEPTION,Transaction Present in AR Only,For Investigation
1929537134,1,1,TRUE,TRUE,TRUE,TRUE,FALSE,FALSE,FALSE,EXCEPTION,Date discrepancy,For Investigation
1929178744,1,1,TRUE,TRUE,TRUE,TRUE,FALSE,FALSE,FALSE,EXCEPTION,Date discrepancy,For Investigation
1929014822,1,1,TRUE,TRUE,TRUE,TRUE,FALSE,FALSE,FALSE,EXCEPTION,Date discrepancy,For Investigation
1929541790,1,1,TRUE,TRUE,TRUE,TRUE,FALSE,FALSE,FALSE,EXCEPTION,Date discrepancy,For Investigation
1930283952,1,1,TRUE,TRUE,TRUE,TRUE,FALSE,FALSE,FALSE,EXCEPTION,Date discrepancy,For Investigation
1930402277,1,1,TRUE,TRUE,TRUE,TRUE,FALSE,FALSE,FALSE,EXCEPTION,Date discrepancy,For Investigation
1929735047,1,1,TRUE,TRUE,TRUE,TRUE,TRUE,FALSE,FALSE,MATCHED,,
1929515766,1,1,TRUE,TRUE,TRUE,TRUE,FALSE,FALSE,FALSE,EXCEPTION,Date discrepancy,For Investigation
1929037409,1,1,TRUE,TRUE,TRUE,TRUE,FALSE,FALSE,FALSE,EXCEPTION,Date discrepancy,For Investigation
1929963929,1,0,FALSE,,,,,FALSE,FALSE,EXCEPTION,Transaction Present in AR Only,For Investigation
1929554659,1,0,FALSE,,,,,FALSE,FALSE,EXCEPTION,Transaction Present in AR Only,For Investigation
1929554131,1,1,TRUE,TRUE,TRUE,TRUE,FALSE,FALSE,FALSE,EXCEPTION,Date discrepancy,For Investigation
1930494978,1,1,TRUE,TRUE,TRUE,TRUE,TRUE,FALSE,FALSE,MATCHED,,
1930407107,1,1,TRUE,TRUE,TRUE,TRUE,TRUE,FALSE,FALSE,MATCHED,,
1929426533,1,1,TRUE,TRUE,TRUE,TRUE,TRUE,FALSE,FALSE,MATCHED,,
1929376489,1,1,TRUE,TRUE,TRUE,TRUE,TRUE,FALSE,FALSE,MATCHED,,
1929136972,1,1,TRUE,TRUE,TRUE,TRUE,TRUE,FALSE,FALSE,MATCHED,,
1929479069,1,1,TRUE,FALSE,TRUE,TRUE,TRUE,FALSE,FALSE,EXCEPTION,Amount discrepancy,For Investigation
1930420701,1,1,TRUE,TRUE,TRUE,TRUE,TRUE,FALSE,FALSE,MATCHED,,
1990567105,1,1,TRUE,TRUE,TRUE,TRUE,FALSE,FALSE,FALSE,EXCEPTION,Date discrepancy,For Investigation
1929828135,1,1,TRUE,TRUE,TRUE,TRUE,TRUE,FALSE,FALSE,MATCHED,,
1930543464,1,1,TRUE,TRUE,TRUE,TRUE,TRUE,FALSE,FALSE,MATCHED,,
1929044526,1,2,TRUE,,,,,FALSE,TRUE,EXCEPTION,Duplicate Bank Entry,For Investigation
1930333127,1,1,TRUE,TRUE,TRUE,TRUE,FALSE,FALSE,FALSE,EXCEPTION,Date discrepancy,For Investigation
1929539238,1,1,TRUE,TRUE,TRUE,TRUE,FALSE,FALSE,FALSE,EXCEPTION,Date discrepancy,For Investigation
1929572126,1,0,FALSE,,,,,FALSE,FALSE,EXCEPTION,Transaction Present in AR Only,For Investigation
1929792117,1,1,TRUE,TRUE,TRUE,TRUE,TRUE,FALSE,FALSE,MATCHED,,
1929050143,1,1,TRUE,TRUE,TRUE,TRUE,TRUE,FALSE,FALSE,MATCHED,,
2960580450,1,0,FALSE,,,,,FALSE,FALSE,EXCEPTION,Transaction Present in AR Only,For Investigation
1929491885,1,1,TRUE,TRUE,TRUE,TRUE,FALSE,FALSE,FALSE,EXCEPTION,Date discrepancy,For Investigation
1929549064,1,1,TRUE,TRUE,TRUE,TRUE,FALSE,FALSE,FALSE,EXCEPTION,Date discrepancy,For Investigation
1928922857,1,1,TRUE,TRUE,TRUE,TRUE,FALSE,FALSE,FALSE,EXCEPTION,Date discrepancy,For Investigation
1928677675,1,1,TRUE,TRUE,TRUE,TRUE,TRUE,FALSE,FALSE,MATCHED,,
1928677959,1,1,TRUE,TRUE,TRUE,TRUE,FALSE,FALSE,FALSE,EXCEPTION,Date discrepancy,For Investigation
2960590548,1,1,TRUE,TRUE,TRUE,TRUE,TRUE,FALSE,FALSE,MATCHED,,
1930503107,1,1,TRUE,FALSE,TRUE,TRUE,TRUE,FALSE,FALSE,EXCEPTION,Amount discrepancy,For Investigation
1929890952,1,1,TRUE,TRUE,TRUE,TRUE,FALSE,FALSE,FALSE,EXCEPTION,Date discrepancy,For Investigation
1928550758,1,1,TRUE,TRUE,TRUE,TRUE,FALSE,FALSE,FALSE,EXCEPTION,Date discrepancy,For Investigation
1929134773,1,1,TRUE,TRUE,TRUE,FALSE,TRUE,FALSE,FALSE,EXCEPTION,Customer discrepancy,For Investigation
1929070108,1,1,TRUE,TRUE,TRUE,TRUE,FALSE,FALSE,FALSE,EXCEPTION,Date discrepancy,For Investigation
1928973714,1,1,TRUE,TRUE,TRUE,TRUE,FALSE,FALSE,FALSE,EXCEPTION,Date discrepancy,For Investigation
1929946505,1,1,TRUE,TRUE,TRUE,TRUE,TRUE,FALSE,FALSE,MATCHED,,
1929793411,1,1,TRUE,TRUE,TRUE,TRUE,TRUE,FALSE,FALSE,MATCHED,,
1928646554,1,1,TRUE,TRUE,TRUE,TRUE,FALSE,FALSE,FALSE,EXCEPTION,Date discrepancy,For Investigation
1929982856,1,1,TRUE,TRUE,TRUE,TRUE,FALSE,FALSE,FALSE,EXCEPTION,Date discrepancy,For Investigation
1929608521,1,1,TRUE,TRUE,TRUE,TRUE,TRUE,FALSE,FALSE,MATCHED,,
1929821621,1,1,TRUE,TRUE,TRUE,TRUE,FALSE,FALSE,FALSE,EXCEPTION,Date discrepancy,For Investigation
1929306310,1,1,TRUE,TRUE,TRUE,TRUE,FALSE,FALSE,FALSE,EXCEPTION,Date discrepancy,For Investigation
1929444342,1,1,TRUE,TRUE,TRUE,TRUE,FALSE,FALSE,FALSE,EXCEPTION,Date discrepancy,For Investigation
1929789307,1,1,TRUE,TRUE,FALSE,TRUE,TRUE,FALSE,FALSE,EXCEPTION,Currency discrepancy,For Investigation
1929907589,1,1,TRUE,TRUE,TRUE,TRUE,FALSE,FALSE,FALSE,EXCEPTION,Date discrepancy,For Investigation
2960610767,1,1,TRUE,TRUE,TRUE,TRUE,TRUE,FALSE,FALSE,MATCHED,,
1929760305,1,1,TRUE,TRUE,TRUE,TRUE,TRUE,FALSE,FALSE,MATCHED,,
1930489672,1,1,TRUE,TRUE,TRUE,TRUE,FALSE,FALSE,FALSE,EXCEPTION,Date discrepancy,For Investigation
1930049765,1,1,TRUE,FALSE,TRUE,TRUE,TRUE,FALSE,FALSE,EXCEPTION,Amount discrepancy,For Investigation
1929060298,1,0,FALSE,,,,,FALSE,FALSE,EXCEPTION,Transaction Present in AR Only,For Investigation
1929855112,1,1,TRUE,TRUE,TRUE,TRUE,TRUE,FALSE,FALSE,MATCHED,,
1930436643,1,1,TRUE,TRUE,TRUE,TRUE,TRUE,FALSE,FALSE,MATCHED,,
1929944601,1,1,TRUE,TRUE,TRUE,TRUE,TRUE,FALSE,FALSE,MATCHED,,
1929460721,1,1,TRUE,TRUE,TRUE,TRUE,TRUE,FALSE,FALSE,MATCHED,,
2960578282,1,1,TRUE,TRUE,TRUE,TRUE,FALSE,FALSE,FALSE,EXCEPTION,Date discrepancy,For Investigation
1929036689,1,1,TRUE,TRUE,TRUE,TRUE,FALSE,FALSE,FALSE,EXCEPTION,Date discrepancy,For Investigation
1928706572,1,1,TRUE,TRUE,TRUE,TRUE,FALSE,FALSE,FALSE,EXCEPTION,Date discrepancy,For Investigation
1929509714,1,1,TRUE,TRUE,TRUE,TRUE,FALSE,FALSE,FALSE,EXCEPTION,Date discrepancy,For Investigation
1930257526,1,1,TRUE,TRUE,FALSE,TRUE,TRUE,FALSE,FALSE,EXCEPTION,Currency discrepancy,For Investigation
2960584161,1,1,TRUE,TRUE,TRUE,TRUE,TRUE,FALSE,FALSE,MATCHED,,
1930530725,1,1,TRUE,TRUE,TRUE,TRUE,TRUE,FALSE,FALSE,MATCHED,,
2960575586,1,1,TRUE,TRUE,TRUE,TRUE,FALSE,FALSE,FALSE,EXCEPTION,Date discrepancy,For Investigation
1929122891,1,1,TRUE,TRUE,TRUE,TRUE,TRUE,FALSE,FALSE,MATCHED,,
1928844749,1,1,TRUE,TRUE,TRUE,TRUE,FALSE,FALSE,FALSE,EXCEPTION,Date discrepancy,For Investigation
1930131432,1,1,TRUE,FALSE,TRUE,TRUE,FALSE,FALSE,FALSE,EXCEPTION,Amount discrepancy; Date discrepancy,For Investigation
1929676220,1,1,TRUE,TRUE,TRUE,TRUE,TRUE,FALSE,FALSE,MATCHED,,
1928963306,1,1,TRUE,TRUE,TRUE,TRUE,TRUE,FALSE,FALSE,MATCHED,,
1929580986,1,1,TRUE,TRUE,TRUE,TRUE,FALSE,FALSE,FALSE,EXCEPTION,Date discrepancy,For Investigation
1930030857,1,1,TRUE,TRUE,TRUE,TRUE,TRUE,FALSE,FALSE,MATCHED,,
1929570975,1,1,TRUE,TRUE,TRUE,TRUE,TRUE,FALSE,FALSE,MATCHED,,
1929839480,1,0,FALSE,,,,,FALSE,FALSE,EXCEPTION,Transaction Present in AR Only,For Investigation
1928924538,1,1,TRUE,TRUE,TRUE,TRUE,FALSE,FALSE,FALSE,EXCEPTION,Date discrepancy,For Investigation
1929554443,1,1,TRUE,TRUE,FALSE,TRUE,FALSE,FALSE,FALSE,EXCEPTION,Currency discrepancy; Date discrepancy,For Investigation
1929839229,1,1,TRUE,TRUE,TRUE,TRUE,FALSE,FALSE,FALSE,EXCEPTION,Date discrepancy,For Investigation
1928565571,1,1,TRUE,TRUE,TRUE,TRUE,TRUE,FALSE,FALSE,MATCHED,,
1930406276,1,1,TRUE,TRUE,TRUE,TRUE,TRUE,FALSE,FALSE,MATCHED,,
1928710564,1,1,TRUE,TRUE,TRUE,TRUE,TRUE,FALSE,FALSE,MATCHED,,
1930053661,1,1,TRUE,TRUE,TRUE,FALSE,FALSE,FALSE,FALSE,EXCEPTION,Customer discrepancy; Date discrepancy,For Investigation
1929369950,1,0,FALSE,,,,,FALSE,FALSE,EXCEPTION,Transaction Present in AR Only,For Investigation
1930003386,1,1,TRUE,TRUE,TRUE,TRUE,TRUE,FALSE,FALSE,MATCHED,,
1929987985,1,1,TRUE,TRUE,TRUE,TRUE,FALSE,FALSE,FALSE,EXCEPTION,Date discrepancy,For Investigation
1930440108,1,1,TRUE,FALSE,TRUE,TRUE,TRUE,FALSE,FALSE,EXCEPTION,Amount discrepancy,For Investigation
1929442302,1,1,TRUE,TRUE,TRUE,TRUE,TRUE,FALSE,FALSE,MATCHED,,
1929790506,1,1,TRUE,TRUE,TRUE,TRUE,TRUE,FALSE,FALSE,MATCHED,,
1929187688,1,1,TRUE,TRUE,FALSE,TRUE,FALSE,FALSE,FALSE,EXCEPTION,Currency discrepancy; Date discrepancy,For Investigation
1929325034,1,1,TRUE,TRUE,TRUE,TRUE,FALSE,FALSE,FALSE,EXCEPTION,Date discrepancy,For Investigation
1930396374,1,1,TRUE,TRUE,TRUE,TRUE,FALSE,FALSE,FALSE,EXCEPTION,Date discrepancy,For Investigation
1929600215,1,1,TRUE,TRUE,TRUE,TRUE,TRUE,FALSE,FALSE,MATCHED,,
1929288110,1,1,TRUE,TRUE,TRUE,TRUE,TRUE,FALSE,FALSE,MATCHED,,
1930204798,1,1,TRUE,TRUE,TRUE,TRUE,FALSE,FALSE,FALSE,EXCEPTION,Date discrepancy,For Investigation
1928798962,1,1,TRUE,TRUE,TRUE,TRUE,FALSE,FALSE,FALSE,EXCEPTION,Date discrepancy,For Investigation
1930240041,1,1,TRUE,TRUE,TRUE,TRUE,FALSE,FALSE,FALSE,EXCEPTION,Date discrepancy,For Investigation
1929915267,1,1,TRUE,TRUE,TRUE,TRUE,TRUE,FALSE,FALSE,MATCHED,,
1929411316,1,1,TRUE,TRUE,TRUE,TRUE,TRUE,FALSE,FALSE,MATCHED,,
1930129757,1,1,TRUE,TRUE,TRUE,TRUE,TRUE,FALSE,FALSE,MATCHED,,
1929494603,1,1,TRUE,TRUE,TRUE,TRUE,FALSE,FALSE,FALSE,EXCEPTION,Date discrepancy,For Investigation
1930371036,1,1,TRUE,TRUE,TRUE,TRUE,FALSE,FALSE,FALSE,EXCEPTION,Date discrepancy,For Investigation
1930172612,1,1,TRUE,TRUE,TRUE,TRUE,FALSE,FALSE,FALSE,EXCEPTION,Date discrepancy,For Investigation
1929602992,1,1,TRUE,TRUE,TRUE,TRUE,FALSE,FALSE,FALSE,EXCEPTION,Date discrepancy,For Investigation
1930400264,1,1,TRUE,TRUE,TRUE,TRUE,FALSE,FALSE,FALSE,EXCEPTION,Date discrepancy,For Investigation
2960523014,1,1,TRUE,TRUE,TRUE,TRUE,FALSE,FALSE,FALSE,EXCEPTION,Date discrepancy,For Investigation
1928684579,1,1,TRUE,TRUE,TRUE,TRUE,FALSE,FALSE,FALSE,EXCEPTION,Date discrepancy,For Investigation
1929694894,1,1,TRUE,TRUE,TRUE,TRUE,TRUE,FALSE,FALSE,MATCHED,,
1929679994,1,0,FALSE,,,,,FALSE,FALSE,EXCEPTION,Transaction Present in AR Only,For Investigation
1930255656,1,1,TRUE,TRUE,TRUE,FALSE,FALSE,FALSE,FALSE,EXCEPTION,Customer discrepancy; Date discrepancy,For Investigation
1929531382,1,1,TRUE,TRUE,TRUE,TRUE,FALSE,FALSE,FALSE,EXCEPTION,Date discrepancy,For Investigation
1929174741,1,1,TRUE,TRUE,TRUE,FALSE,FALSE,FALSE,FALSE,EXCEPTION,Customer discrepancy; Date discrepancy,For Investigation
1930210837,1,2,TRUE,,,,,FALSE,TRUE,EXCEPTION,Duplicate Bank Entry,For Investigation
1930349110,1,1,TRUE,TRUE,TRUE,TRUE,FALSE,FALSE,FALSE,EXCEPTION,Date discrepancy,For Investigation
1929337021,1,1,TRUE,TRUE,TRUE,TRUE,FALSE,FALSE,FALSE,EXCEPTION,Date discrepancy,For Investigation
1928644562,1,1,TRUE,TRUE,TRUE,TRUE,FALSE,FALSE,FALSE,EXCEPTION,Date discrepancy,For Investigation
1929567119,1,1,TRUE,TRUE,TRUE,TRUE,TRUE,FALSE,FALSE,MATCHED,,
1930113862,1,1,TRUE,TRUE,TRUE,TRUE,FALSE,FALSE,FALSE,EXCEPTION,Date discrepancy,For Investigation
1929755111,1,1,TRUE,TRUE,TRUE,TRUE,FALSE,FALSE,FALSE,EXCEPTION,Date discrepancy,For Investigation
2960538817,1,1,TRUE,TRUE,TRUE,TRUE,TRUE,FALSE,FALSE,MATCHED,,
1928725774,1,1,TRUE,TRUE,TRUE,TRUE,TRUE,FALSE,FALSE,MATCHED,,
1930382979,1,1,TRUE,TRUE,TRUE,FALSE,FALSE,FALSE,FALSE,EXCEPTION,Customer discrepancy; Date discrepancy,For Investigation
2960596438,1,1,TRUE,TRUE,TRUE,TRUE,FALSE,FALSE,FALSE,EXCEPTION,Date discrepancy,For Investigation
1930283933,1,1,TRUE,TRUE,TRUE,TRUE,TRUE,FALSE,FALSE,MATCHED,,
1929282961,1,1,TRUE,TRUE,TRUE,TRUE,FALSE,FALSE,FALSE,EXCEPTION,Date discrepancy,For Investigation
1929716698,1,1,TRUE,TRUE,FALSE,TRUE,TRUE,FALSE,FALSE,EXCEPTION,Currency discrepancy,For Investigation
1991838727,1,1,TRUE,TRUE,TRUE,TRUE,FALSE,FALSE,FALSE,EXCEPTION,Date discrepancy,For Investigation
1930432077,1,1,TRUE,TRUE,TRUE,TRUE,FALSE,FALSE,FALSE,EXCEPTION,Date discrepancy,For Investigation
1929531006,1,1,TRUE,TRUE,TRUE,TRUE,FALSE,FALSE,FALSE,EXCEPTION,Date discrepancy,For Investigation
1929239096,1,1,TRUE,TRUE,TRUE,TRUE,TRUE,FALSE,FALSE,MATCHED,,
1930513042,1,1,TRUE,TRUE,TRUE,TRUE,TRUE,FALSE,FALSE,MATCHED,,
1928961185,1,1,TRUE,TRUE,TRUE,TRUE,TRUE,FALSE,FALSE,MATCHED,,
1929302058,1,1,TRUE,TRUE,TRUE,TRUE,FALSE,FALSE,FALSE,EXCEPTION,Date discrepancy,For Investigation
1929243737,1,1,TRUE,TRUE,TRUE,TRUE,FALSE,FALSE,FALSE,EXCEPTION,Date discrepancy,For Investigation
1928958370,1,2,TRUE,,,,,FALSE,TRUE,EXCEPTION,Duplicate Bank Entry,For Investigation
1929587493,1,1,TRUE,FALSE,TRUE,TRUE,TRUE,FALSE,FALSE,EXCEPTION,Amount discrepancy,For Investigation
1929522457,1,1,TRUE,TRUE,TRUE,TRUE,TRUE,FALSE,FALSE,MATCHED,,
1929539495,1,1,TRUE,TRUE,TRUE,TRUE,TRUE,FALSE,FALSE,MATCHED,,
1930203993,1,1,TRUE,TRUE,TRUE,TRUE,FALSE,FALSE,FALSE,EXCEPTION,Date discrepancy,For Investigation
1991824916,1,1,TRUE,TRUE,TRUE,TRUE,TRUE,FALSE,FALSE,MATCHED,,
1929402255,1,1,TRUE,TRUE,TRUE,TRUE,TRUE,FALSE,FALSE,MATCHED,,
2960550772,1,1,TRUE,TRUE,TRUE,TRUE,FALSE,FALSE,FALSE,EXCEPTION,Date discrepancy,For Investigation
1929721968,1,0,FALSE,,,,,FALSE,FALSE,EXCEPTION,Transaction Present in AR Only,For Investigation
1928941821,1,1,TRUE,TRUE,TRUE,TRUE,TRUE,FALSE,FALSE,MATCHED,,
2960561912,1,1,TRUE,TRUE,TRUE,TRUE,TRUE,FALSE,FALSE,MATCHED,,
1928625270,1,1,TRUE,TRUE,TRUE,TRUE,FALSE,FALSE,FALSE,EXCEPTION,Date discrepancy,For Investigation
1929333938,1,1,TRUE,TRUE,TRUE,TRUE,FALSE,FALSE,FALSE,EXCEPTION,Date discrepancy,For Investigation
1929022138,1,1,TRUE,TRUE,TRUE,TRUE,FALSE,FALSE,FALSE,EXCEPTION,Date discrepancy,For Investigation
1930492635,1,0,FALSE,,,,,FALSE,FALSE,EXCEPTION,Transaction Present in AR Only,For Investigation
1930098133,1,1,TRUE,TRUE,TRUE,FALSE,FALSE,FALSE,FALSE,EXCEPTION,Customer discrepancy; Date discrepancy,For Investigation
1928575645,1,1,TRUE,TRUE,TRUE,TRUE,TRUE,FALSE,FALSE,MATCHED,,
1930488439,1,1,TRUE,TRUE,TRUE,TRUE,FALSE,FALSE,FALSE,EXCEPTION,Date discrepancy,For Investigation
1929806368,1,1,TRUE,TRUE,TRUE,TRUE,FALSE,FALSE,FALSE,EXCEPTION,Date discrepancy,For Investigation
1930346982,1,1,TRUE,TRUE,TRUE,TRUE,FALSE,FALSE,FALSE,EXCEPTION,Date discrepancy,For Investigation
1929648496,1,1,TRUE,TRUE,TRUE,TRUE,TRUE,FALSE,FALSE,MATCHED,,
1929367931,1,1,TRUE,TRUE,TRUE,TRUE,TRUE,FALSE,FALSE,MATCHED,,
1930353327,1,1,TRUE,TRUE,TRUE,TRUE,FALSE,FALSE,FALSE,EXCEPTION,Date discrepancy,For Investigation
1929740014,1,1,TRUE,TRUE,TRUE,TRUE,FALSE,FALSE,FALSE,EXCEPTION,Date discrepancy,For Investigation
1930332194,1,1,TRUE,TRUE,TRUE,TRUE,TRUE,FALSE,FALSE,MATCHED,,
2960593136,1,2,TRUE,,,,,FALSE,TRUE,EXCEPTION,Duplicate Bank Entry,For Investigation
1928879406,1,1,TRUE,TRUE,TRUE,TRUE,FALSE,FALSE,FALSE,EXCEPTION,Date discrepancy,For Investigation
1929997119,1,1,TRUE,TRUE,TRUE,TRUE,TRUE,FALSE,FALSE,MATCHED,,
1929812202,1,1,TRUE,TRUE,TRUE,TRUE,TRUE,FALSE,FALSE,MATCHED,,
1928792561,1,1,TRUE,TRUE,TRUE,TRUE,FALSE,FALSE,FALSE,EXCEPTION,Date discrepancy,For Investigation
1928975781,1,1,TRUE,TRUE,TRUE,TRUE,FALSE,FALSE,FALSE,EXCEPTION,Date discrepancy,For Investigation
1930424514,1,1,TRUE,TRUE,TRUE,TRUE,FALSE,FALSE,FALSE,EXCEPTION,Date discrepancy,For Investigation
1929801894,1,0,FALSE,,,,,FALSE,FALSE,EXCEPTION,Transaction Present in AR Only,For Investigation
1930191361,1,1,TRUE,TRUE,TRUE,TRUE,TRUE,FALSE,FALSE,MATCHED,,
1929153435,1,1,TRUE,TRUE,TRUE,TRUE,TRUE,FALSE,FALSE,MATCHED,,
1928890583,1,1,TRUE,TRUE,TRUE,TRUE,TRUE,FALSE,FALSE,MATCHED,,
1929642596,1,1,TRUE,TRUE,TRUE,TRUE,TRUE,FALSE,FALSE,MATCHED,,
1929042982,1,1,TRUE,TRUE,TRUE,TRUE,FALSE,FALSE,FALSE,EXCEPTION,Date discrepancy,For Investigation
1928958463,1,1,TRUE,TRUE,TRUE,TRUE,FALSE,FALSE,FALSE,EXCEPTION,Date discrepancy,For Investigation
1929356185,1,1,TRUE,TRUE,TRUE,TRUE,FALSE,FALSE,FALSE,EXCEPTION,Date discrepancy,For Investigation
1929817210,1,1,TRUE,TRUE,TRUE,FALSE,TRUE,FALSE,FALSE,EXCEPTION,Customer discrepancy,For Investigation
2960541820,1,1,TRUE,TRUE,TRUE,TRUE,TRUE,FALSE,FALSE,MATCHED,,
1929663097,1,1,TRUE,TRUE,TRUE,TRUE,TRUE,FALSE,FALSE,MATCHED,,
1929628110,1,1,TRUE,TRUE,TRUE,TRUE,FALSE,FALSE,FALSE,EXCEPTION,Date discrepancy,For Investigation
1929037159,1,1,TRUE,TRUE,TRUE,TRUE,FALSE,FALSE,FALSE,EXCEPTION,Date discrepancy,For Investigation
1929102167,1,1,TRUE,TRUE,TRUE,TRUE,TRUE,FALSE,FALSE,MATCHED,,
1929274114,1,1,TRUE,TRUE,TRUE,TRUE,FALSE,FALSE,FALSE,EXCEPTION,Date discrepancy,For Investigation
1929875107,1,1,TRUE,TRUE,FALSE,TRUE,FALSE,FALSE,FALSE,EXCEPTION,Currency discrepancy; Date discrepancy,For Investigation
2960555614,1,1,TRUE,TRUE,TRUE,TRUE,FALSE,FALSE,FALSE,EXCEPTION,Date discrepancy,For Investigation
1929580777,1,1,TRUE,TRUE,TRUE,TRUE,TRUE,FALSE,FALSE,MATCHED,,
1930008079,1,1,TRUE,TRUE,TRUE,FALSE,FALSE,FALSE,FALSE,EXCEPTION,Customer discrepancy; Date discrepancy,For Investigation
1928727099,1,1,TRUE,TRUE,TRUE,TRUE,FALSE,FALSE,FALSE,EXCEPTION,Date discrepancy,For Investigation
1928540980,1,1,TRUE,TRUE,TRUE,TRUE,TRUE,FALSE,FALSE,MATCHED,,
1930466345,1,1,TRUE,TRUE,TRUE,TRUE,TRUE,FALSE,FALSE,MATCHED,,
1928726818,1,1,TRUE,TRUE,TRUE,TRUE,FALSE,FALSE,FALSE,EXCEPTION,Date discrepancy,For Investigation
1928566720,1,1,TRUE,TRUE,TRUE,TRUE,FALSE,FALSE,FALSE,EXCEPTION,Date discrepancy,For Investigation
2960542907,1,1,TRUE,TRUE,TRUE,TRUE,FALSE,FALSE,FALSE,EXCEPTION,Date discrepancy,For Investigation
1929042475,1,1,TRUE,TRUE,TRUE,TRUE,FALSE,FALSE,FALSE,EXCEPTION,Date discrepancy,For Investigation
1930452518,1,1,TRUE,TRUE,TRUE,TRUE,FALSE,FALSE,FALSE,EXCEPTION,Date discrepancy,For Investigation
1930144672,1,1,TRUE,TRUE,TRUE,TRUE,TRUE,FALSE,FALSE,MATCHED,,
1930040968,1,1,TRUE,TRUE,FALSE,TRUE,FALSE,FALSE,FALSE,EXCEPTION,Currency discrepancy; Date discrepancy,For Investigation
1929580855,1,1,TRUE,TRUE,TRUE,TRUE,TRUE,FALSE,FALSE,MATCHED,,
1930559761,1,1,TRUE,TRUE,TRUE,TRUE,TRUE,FALSE,FALSE,MATCHED,,
1929067848,1,1,TRUE,TRUE,TRUE,TRUE,FALSE,FALSE,FALSE,EXCEPTION,Date discrepancy,For Investigation
2960605364,1,1,TRUE,TRUE,TRUE,TRUE,TRUE,FALSE,FALSE,MATCHED,,
1929473259,1,1,TRUE,TRUE,FALSE,TRUE,FALSE,FALSE,FALSE,EXCEPTION,Currency discrepancy; Date discrepancy,For Investigation
1929405447,1,1,TRUE,TRUE,TRUE,TRUE,FALSE,FALSE,FALSE,EXCEPTION,Date discrepancy,For Investigation
1930195457,1,1,TRUE,TRUE,TRUE,TRUE,FALSE,FALSE,FALSE,EXCEPTION,Date discrepancy,For Investigation
1930019364,1,1,TRUE,TRUE,TRUE,TRUE,TRUE,FALSE,FALSE,MATCHED,,
1928878960,1,1,TRUE,TRUE,TRUE,FALSE,FALSE,FALSE,FALSE,EXCEPTION,Customer discrepancy; Date discrepancy,For Investigation
1929352599,1,1,TRUE,TRUE,TRUE,TRUE,FALSE,FALSE,FALSE,EXCEPTION,Date discrepancy,For Investigation
2960566216,1,1,TRUE,TRUE,TRUE,TRUE,TRUE,FALSE,FALSE,MATCHED,,
2960596425,1,1,TRUE,TRUE,TRUE,TRUE,TRUE,FALSE,FALSE,MATCHED,,
1919802052,0,1,FALSE,,,,,FALSE,FALSE,EXCEPTION,Transaction Present in Bank Only,For Investigation
1972244449,0,1,FALSE,,,,,FALSE,FALSE,EXCEPTION,Transaction Present in Bank Only,For Investigation
1963003794,0,1,FALSE,,,,,FALSE,FALSE,EXCEPTION,Transaction Present in Bank Only,For Investigation
1902694615,0,1,FALSE,,,,,FALSE,FALSE,EXCEPTION,Transaction Present in Bank Only,For Investigation
1981494961,0,1,FALSE,,,,,FALSE,FALSE,EXCEPTION,Transaction Present in Bank Only,For Investigation
1985225606,0,1,FALSE,,,,,FALSE,FALSE,EXCEPTION,Transaction Present in Bank Only,For Investigation
1932444459,0,1,FALSE,,,,,FALSE,FALSE,EXCEPTION,Transaction Present in Bank Only,For Investigation
1901348603,0,1,FALSE,,,,,FALSE,FALSE,EXCEPTION,Transaction Present in Bank Only,For Investigation
1940418361,0,1,FALSE,,,,,FALSE,FALSE,EXCEPTION,Transaction Present in Bank Only,For Investigation
1919534316,0,1,FALSE,,,,,FALSE,FALSE,EXCEPTION,Transaction Present in Bank Only,For Investigation
1944279113,0,1,FALSE,,,,,FALSE,FALSE,EXCEPTION,Transaction Present in Bank Only,For Investigation
1981186670,0,1,FALSE,,,,,FALSE,FALSE,EXCEPTION,Transaction Present in Bank Only,For Investigation
1946498031,0,1,FALSE,,,,,FALSE,FALSE,EXCEPTION,Transaction Present in Bank Only,For Investigation
1962506623,0,1,FALSE,,,,,FALSE,FALSE,EXCEPTION,Transaction Present in Bank Only,For Investigation
1930644928,0,1,FALSE,,,,,FALSE,FALSE,EXCEPTION,Transaction Present in Bank Only,For Investigation
1993963775,0,1,FALSE,,,,,FALSE,FALSE,EXCEPTION,Transaction Present in Bank Only,For Investigation
1910721983,0,1,FALSE,,,,,FALSE,FALSE,EXCEPTION,Transaction Present in Bank Only,For Investigation
1943702980,0,1,FALSE,,,,,FALSE,FALSE,EXCEPTION,Transaction Present in Bank Only,For Investigation
1940908506,0,1,FALSE,,,,,FALSE,FALSE,EXCEPTION,Transaction Present in Bank Only,For Investigation
1959916501,0,1,FALSE,,,,,FALSE,FALSE,EXCEPTION,Transaction Present in Bank Only,For Investigation
1948593182,0,1,FALSE,,,,,FALSE,FALSE,EXCEPTION,Transaction Present in Bank Only,For Investigation
1991834751,0,1,FALSE,,,,,FALSE,FALSE,EXCEPTION,Transaction Present in Bank Only,For Investigation
1926504279,0,1,FALSE,,,,,FALSE,FALSE,EXCEPTION,Transaction Present in Bank Only,For Investigation
1963994936,0,1,FALSE,,,,,FALSE,FALSE,EXCEPTION,Transaction Present in Bank Only,For Investigation
1944929588,0,1,FALSE,,,,,FALSE,FALSE,EXCEPTION,Transaction Present in Bank Only,For Investigation
1943570200,0,1,FALSE,,,,,FALSE,FALSE,EXCEPTION,Transaction Present in Bank Only,For Investigation
1958441438,0,1,FALSE,,,,,FALSE,FALSE,EXCEPTION,Transaction Present in Bank Only,For Investigation
1984088648,0,1,FALSE,,,,,FALSE,FALSE,EXCEPTION,Transaction Present in Bank Only,For Investigation
1918159041,0,1,FALSE,,,,,FALSE,FALSE,EXCEPTION,Transaction Present in Bank Only,For Investigation
1957991165,0,1,FALSE,,,,,FALSE,FALSE,EXCEPTION,Transaction Present in Bank Only,For Investigation
1988108625,0,1,FALSE,,,,,FALSE,FALSE,EXCEPTION,Transaction Present in Bank Only,For Investigation
1925098151,0,1,FALSE,,,,,FALSE,FALSE,EXCEPTION,Transaction Present in Bank Only,For Investigation
1959638113,0,1,FALSE,,,,,FALSE,FALSE,EXCEPTION,Transaction Present in Bank Only,For Investigation
1912845972,0,1,FALSE,,,,,FALSE,FALSE,EXCEPTION,Transaction Present in Bank Only,For Investigation
1943479869,0,1,FALSE,,,,,FALSE,FALSE,EXCEPTION,Transaction Present in Bank Only,For Investigation
1997903206,0,1,FALSE,,,,,FALSE,FALSE,EXCEPTION,Transaction Present in Bank Only,For Investigation
1907971504,0,1,FALSE,,,,,FALSE,FALSE,EXCEPTION,Transaction Present in Bank Only,For Investigation
1951244320,0,1,FALSE,,,,,FALSE,FALSE,EXCEPTION,Transaction Present in Bank Only,For Investigation
1973547404,0,1,FALSE,,,,,FALSE,FALSE,EXCEPTION,Transaction Present in Bank Only,For Investigation
1955429559,0,1,FALSE,,,,,FALSE,FALSE,EXCEPTION,Transaction Present in Bank Only,For Investigation
1982270767,0,1,FALSE,,,,,FALSE,FALSE,EXCEPTION,Transaction Present in Bank Only,For Investigation
1984950439,0,1,FALSE,,,,,FALSE,FALSE,EXCEPTION,Transaction Present in Bank Only,For Investigation
1925323826,0,1,FALSE,,,,,FALSE,FALSE,EXCEPTION,Transaction Present in Bank Only,For Investigation